40;HS400;753468-00011610-1527
Date;Time;I_integral;Position;SOC_relevant;Number_of_turns;Reading_inverted
2026/05/06;00:00:45;-0.1;1;1;1;0
2026/05/06;00:01:45;-0.1;1;1;1;0
2026/05/06;00:02:45;-0.1;1;1;1;0
2026/05/06;00:03:45;-0.1;1;1;1;0
2026/05/06;00:04:45;-0.1;1;1;1;0
2026/05/06;00:05:44;-0.1;1;1;1;0
2026/05/06;00:06:44;-0.1;1;1;1;0
2026/05/06;00:07:44;-0.1;1;1;1;0
2026/05/06;00:08:44;-0.1;1;1;1;0
2026/05/06;00:09:44;-0.1;1;1;1;0
2026/05/06;00:10:44;-0.1;1;1;1;0
2026/05/06;00:11:44;-0.1;1;1;1;0
2026/05/06;00:12:44;-0.1;1;1;1;0
2026/05/06;00:13:44;-0.1;1;1;1;0
2026/05/06;00:14:44;-0.1;1;1;1;0
2026/05/06;00:15:44;-0.1;1;1;1;0
2026/05/06;00:16:44;-0.1;1;1;1;0
2026/05/06;00:17:44;-0.1;1;1;1;0
2026/05/06;00:18:44;-0.1;1;1;1;0
2026/05/06;00:19:44;-0.1;1;1;1;0
2026/05/06;00:20:43;-0.1;1;1;1;0
2026/05/06;00:21:43;-0.1;1;1;1;0
2026/05/06;00:22:43;-0.1;1;1;1;0
2026/05/06;00:23:43;-0.1;1;1;1;0
2026/05/06;00:24:43;-0.1;1;1;1;0
2026/05/06;00:25:43;-0.1;1;1;1;0
2026/05/06;00:26:43;-0.1;1;1;1;0
2026/05/06;00:27:43;-0.1;1;1;1;0
2026/05/06;00:28:43;-0.1;1;1;1;0
2026/05/06;00:29:43;-0.1;1;1;1;0
2026/05/06;00:30:43;-0.1;1;1;1;0
2026/05/06;00:31:43;-0.1;1;1;1;0
2026/05/06;00:32:43;-0.1;1;1;1;0
2026/05/06;00:33:43;-0.1;1;1;1;0
2026/05/06;00:34:43;-0.1;1;1;1;0
2026/05/06;00:35:43;-0.1;1;1;1;0
2026/05/06;00:36:42;-0.1;1;1;1;0
2026/05/06;00:37:42;-0.1;1;1;1;0
2026/05/06;00:38:42;-0.1;1;1;1;0
2026/05/06;00:39:42;-0.1;1;1;1;0
2026/05/06;00:40:42;-0.1;1;1;1;0
2026/05/06;00:41:42;-0.1;1;1;1;0
2026/05/06;00:42:42;-0.1;1;1;1;0
2026/05/06;00:43:42;-0.1;1;1;1;0
2026/05/06;00:44:42;-0.1;1;1;1;0
2026/05/06;00:45:42;-0.1;1;1;1;0
2026/05/06;00:46:42;-0.1;1;1;1;0
2026/05/06;00:47:42;-0.1;1;1;1;0
2026/05/06;00:48:42;-0.1;1;1;1;0
2026/05/06;00:49:42;-0.1;1;1;1;0
2026/05/06;00:50:42;-0.1;1;1;1;0
2026/05/06;00:51:42;-0.1;1;1;1;0
2026/05/06;00:52:41;-0.2;1;1;1;0
2026/05/06;00:53:41;-0.1;1;1;1;0
2026/05/06;00:54:41;-0.1;1;1;1;0
2026/05/06;00:55:41;-0.1;1;1;1;0
2026/05/06;00:56:41;-0.1;1;1;1;0
2026/05/06;00:57:41;-0.1;1;1;1;0
2026/05/06;00:58:41;-0.1;1;1;1;0
2026/05/06;00:59:41;-0.1;1;1;1;0
2026/05/06;01:00:41;-0.1;1;1;1;0
2026/05/06;01:01:41;-0.1;1;1;1;0
2026/05/06;01:02:41;-0.1;1;1;1;0
2026/05/06;01:03:41;-0.1;1;1;1;0
2026/05/06;01:04:41;-0.1;1;1;1;0
2026/05/06;01:05:41;-0.1;1;1;1;0
2026/05/06;01:06:41;-0.1;1;1;1;0
2026/05/06;01:07:41;-0.1;1;1;1;0
2026/05/06;01:08:40;-0.1;1;1;1;0
2026/05/06;01:09:40;-0.1;1;1;1;0
2026/05/06;01:10:40;-0.1;1;1;1;0
2026/05/06;01:11:40;-0.1;1;1;1;0
2026/05/06;01:12:40;-0.1;1;1;1;0
2026/05/06;01:13:40;-0.1;1;1;1;0
2026/05/06;01:14:40;-0.1;1;1;1;0
2026/05/06;01:15:40;-0.1;1;1;1;0
2026/05/06;01:16:40;-0.1;1;1;1;0
2026/05/06;01:17:40;-0.1;1;1;1;0
2026/05/06;01:18:40;-0.1;1;1;1;0
2026/05/06;01:19:40;-0.1;1;1;1;0
2026/05/06;01:20:40;-0.1;1;1;1;0
2026/05/06;01:21:40;-0.1;1;1;1;0
2026/05/06;01:22:40;-0.1;1;1;1;0
2026/05/06;01:23:39;-0.1;1;1;1;0
2026/05/06;01:24:39;-0.1;1;1;1;0
2026/05/06;01:25:39;-0.1;1;1;1;0
2026/05/06;01:26:39;-0.1;1;1;1;0
2026/05/06;01:27:39;-0.1;1;1;1;0
2026/05/06;01:28:39;-0.1;1;1;1;0
2026/05/06;01:29:39;-0.1;1;1;1;0
2026/05/06;01:30:39;-0.1;1;1;1;0
2026/05/06;01:31:39;-0.1;1;1;1;0
2026/05/06;01:32:39;-0.2;1;1;1;0
2026/05/06;01:33:39;-0.1;1;1;1;0
2026/05/06;01:34:39;-0.1;1;1;1;0
2026/05/06;01:35:39;-0.1;1;1;1;0
2026/05/06;01:36:39;-0.1;1;1;1;0
2026/05/06;01:37:39;-0.1;1;1;1;0
2026/05/06;01:38:39;-0.1;1;1;1;0
2026/05/06;01:39:38;-0.1;1;1;1;0
2026/05/06;01:40:38;-0.1;1;1;1;0
2026/05/06;01:41:38;-0.1;1;1;1;0
2026/05/06;01:42:38;-0.1;1;1;1;0
2026/05/06;01:43:38;-0.1;1;1;1;0
2026/05/06;01:44:38;-0.1;1;1;1;0
2026/05/06;01:45:38;-0.1;1;1;1;0
2026/05/06;01:46:38;-0.1;1;1;1;0
2026/05/06;01:47:38;-0.1;1;1;1;0
2026/05/06;01:48:38;-0.1;1;1;1;0
2026/05/06;01:49:38;-0.1;1;1;1;0
2026/05/06;01:50:38;-0.1;1;1;1;0
2026/05/06;01:51:38;-0.1;1;1;1;0
2026/05/06;01:52:38;-0.1;1;1;1;0
2026/05/06;01:53:38;-0.1;1;1;1;0
2026/05/06;01:54:38;-0.1;1;1;1;0
2026/05/06;01:55:37;-0.1;1;1;1;0
2026/05/06;01:56:37;-0.1;1;1;1;0
2026/05/06;01:57:37;-0.1;1;1;1;0
2026/05/06;01:58:37;-0.1;1;1;1;0
2026/05/06;01:59:37;-0.1;1;1;1;0
2026/05/06;02:00:37;-0.1;1;1;1;0
2026/05/06;02:01:37;-0.1;1;1;1;0
2026/05/06;02:02:37;-0.1;1;1;1;0
2026/05/06;02:03:37;-0.1;1;1;1;0
2026/05/06;02:04:37;-0.1;1;1;1;0
2026/05/06;02:05:37;-0.1;1;1;1;0
2026/05/06;02:06:37;-0.1;1;1;1;0
2026/05/06;02:07:37;-0.1;1;1;1;0
2026/05/06;02:08:37;-0.1;1;1;1;0
2026/05/06;02:09:37;-0.1;1;1;1;0
2026/05/06;02:10:37;-0.1;1;1;1;0
2026/05/06;02:11:36;-0.1;1;1;1;0
2026/05/06;02:12:36;-0.1;1;1;1;0
2026/05/06;02:13:36;-0.1;1;1;1;0
2026/05/06;02:14:36;-0.1;1;1;1;0
2026/05/06;02:15:36;-0.1;1;1;1;0
2026/05/06;02:16:36;-0.1;1;1;1;0
2026/05/06;02:17:36;-0.2;1;1;1;0
2026/05/06;02:18:36;-0.1;1;1;1;0
2026/05/06;02:19:36;-0.1;1;1;1;0
2026/05/06;02:20:36;-0.1;1;1;1;0
2026/05/06;02:21:36;-0.1;1;1;1;0
2026/05/06;02:22:36;-0.1;1;1;1;0
2026/05/06;02:23:36;-0.1;1;1;1;0
2026/05/06;02:24:36;-0.1;1;1;1;0
2026/05/06;02:25:36;-0.1;1;1;1;0
2026/05/06;02:26:35;-0.1;1;1;1;0
2026/05/06;02:27:35;-0.1;1;1;1;0
2026/05/06;02:28:35;-0.1;1;1;1;0
2026/05/06;02:29:35;-0.1;1;1;1;0
2026/05/06;02:30:35;-0.1;1;1;1;0
2026/05/06;02:31:35;-0.1;1;1;1;0
2026/05/06;02:32:35;-0.1;1;1;1;0
2026/05/06;02:33:35;-0.1;1;1;1;0
2026/05/06;02:34:35;-0.1;1;1;1;0
2026/05/06;02:35:35;-0.1;1;1;1;0
2026/05/06;02:36:35;-0.1;1;1;1;0
2026/05/06;02:37:35;-0.1;1;1;1;0
2026/05/06;02:38:35;-0.1;1;1;1;0
2026/05/06;02:39:35;-0.1;1;1;1;0
2026/05/06;02:40:35;-0.1;1;1;1;0
2026/05/06;02:41:35;-0.1;1;1;1;0
2026/05/06;02:42:34;-0.1;1;1;1;0
2026/05/06;02:43:34;-0.1;1;1;1;0
2026/05/06;02:44:34;-0.1;1;1;1;0
2026/05/06;02:45:34;-0.1;1;1;1;0
2026/05/06;02:46:34;-0.1;1;1;1;0
2026/05/06;02:47:34;-0.1;1;1;1;0
2026/05/06;02:48:34;-0.1;1;1;1;0
2026/05/06;02:49:34;-0.1;1;1;1;0
2026/05/06;02:50:34;-0.1;1;1;1;0
2026/05/06;02:51:34;-0.1;1;1;1;0
2026/05/06;02:52:34;-0.1;1;1;1;0
2026/05/06;02:53:34;-0.1;1;1;1;0
2026/05/06;02:54:34;-0.1;1;1;1;0
2026/05/06;02:55:34;-0.1;1;1;1;0
2026/05/06;02:56:34;-0.1;1;1;1;0
2026/05/06;02:57:34;-0.1;1;1;1;0
2026/05/06;02:58:33;-0.1;1;1;1;0
2026/05/06;02:59:33;-0.1;1;1;1;0
2026/05/06;03:00:33;-0.1;1;1;1;0
2026/05/06;03:01:33;-0.2;1;1;1;0
2026/05/06;03:02:33;-0.2;1;1;1;0
2026/05/06;03:03:33;-0.2;1;1;1;0
2026/05/06;03:04:33;-0.2;1;1;1;0
2026/05/06;03:05:33;-0.1;1;1;1;0
2026/05/06;03:06:33;-0.2;1;1;1;0
2026/05/06;03:07:33;-0.2;1;1;1;0
2026/05/06;03:08:33;-0.1;1;1;1;0
2026/05/06;03:09:33;-0.1;1;1;1;0
2026/05/06;03:10:33;-0.1;1;1;1;0
2026/05/06;03:11:33;-0.1;1;1;1;0
2026/05/06;03:12:33;-0.1;1;1;1;0
2026/05/06;03:13:33;-0.1;1;1;1;0
2026/05/06;03:14:32;-0.1;1;1;1;0
2026/05/06;03:15:32;-0.1;1;1;1;0
2026/05/06;03:16:32;-0.1;1;1;1;0
2026/05/06;03:17:32;-0.2;1;1;1;0
2026/05/06;03:18:32;-0.2;1;1;1;0
2026/05/06;03:19:32;-0.2;1;1;1;0
2026/05/06;03:20:32;-0.1;1;1;1;0
2026/05/06;03:21:32;-0.1;1;1;1;0
2026/05/06;03:22:32;-0.1;1;1;1;0
2026/05/06;03:23:32;-0.1;1;1;1;0
2026/05/06;03:24:32;-0.1;1;1;1;0
2026/05/06;03:25:32;-0.1;1;1;1;0
2026/05/06;03:26:32;-0.1;1;1;1;0
2026/05/06;03:27:32;-0.1;1;1;1;0
2026/05/06;03:28:32;-0.1;1;1;1;0
2026/05/06;03:29:32;-0.1;1;1;1;0
2026/05/06;03:30:31;-0.1;1;1;1;0
2026/05/06;03:31:31;-0.2;1;1;1;0
2026/05/06;03:32:31;-0.2;1;1;1;0
2026/05/06;03:33:31;-0.1;1;1;1;0
2026/05/06;03:34:31;-0.1;1;1;1;0
2026/05/06;03:35:31;-0.1;1;1;1;0
2026/05/06;03:36:31;-0.2;1;1;1;0
2026/05/06;03:37:31;-0.1;1;1;1;0
2026/05/06;03:38:31;-0.1;1;1;1;0
2026/05/06;03:39:31;-0.1;1;1;1;0
2026/05/06;03:40:31;-0.1;1;1;1;0
2026/05/06;03:41:31;-0.1;1;1;1;0
2026/05/06;03:42:31;-0.1;1;1;1;0
2026/05/06;03:43:31;-0.1;1;1;1;0
2026/05/06;03:44:31;-0.1;1;1;1;0
2026/05/06;03:45:31;-0.1;1;1;1;0
2026/05/06;03:46:30;-0.1;1;1;1;0
2026/05/06;03:47:30;-0.1;1;1;1;0
2026/05/06;03:48:30;-0.1;1;1;1;0
2026/05/06;03:49:30;-0.1;1;1;1;0
2026/05/06;03:50:30;-0.1;1;1;1;0
2026/05/06;03:51:30;-0.1;1;1;1;0
2026/05/06;03:52:30;-0.1;1;1;1;0
2026/05/06;03:53:30;-0.1;1;1;1;0
2026/05/06;03:54:30;-0.1;1;1;1;0
2026/05/06;03:55:30;-0.1;1;1;1;0
2026/05/06;03:56:30;-0.1;1;1;1;0
2026/05/06;03:57:30;-0.1;1;1;1;0
2026/05/06;03:58:30;-0.1;1;1;1;0
2026/05/06;03:59:30;-0.1;1;1;1;0
2026/05/06;04:00:30;-0.1;1;1;1;0
2026/05/06;04:01:29;-0.1;1;1;1;0
2026/05/06;04:02:29;-0.1;1;1;1;0
2026/05/06;04:03:29;-0.1;1;1;1;0
2026/05/06;04:04:29;-0.1;1;1;1;0
2026/05/06;04:05:29;-0.1;1;1;1;0
2026/05/06;04:06:29;-0.1;1;1;1;0
2026/05/06;04:07:29;-0.2;1;1;1;0
2026/05/06;04:08:29;-0.1;1;1;1;0
2026/05/06;04:09:29;-0.1;1;1;1;0
2026/05/06;04:10:29;-0.1;1;1;1;0
2026/05/06;04:11:29;-0.1;1;1;1;0
2026/05/06;04:12:29;-0.1;1;1;1;0
2026/05/06;04:13:29;-0.1;1;1;1;0
2026/05/06;04:14:29;-0.1;1;1;1;0
2026/05/06;04:15:29;-0.1;1;1;1;0
2026/05/06;04:16:29;-0.1;1;1;1;0
2026/05/06;04:17:28;-0.1;1;1;1;0
2026/05/06;04:18:28;-0.1;1;1;1;0
2026/05/06;04:19:28;-0.1;1;1;1;0
2026/05/06;04:20:28;-0.1;1;1;1;0
2026/05/06;04:21:28;-0.1;1;1;1;0
2026/05/06;04:22:28;-0.1;1;1;1;0
2026/05/06;04:23:28;-0.2;1;1;1;0
2026/05/06;04:24:28;-0.1;1;1;1;0
2026/05/06;04:25:28;-0.1;1;1;1;0
2026/05/06;04:26:28;-0.1;1;1;1;0
2026/05/06;04:27:28;-0.1;1;1;1;0
2026/05/06;04:28:28;-0.1;1;1;1;0
2026/05/06;04:29:28;-0.1;1;1;1;0
2026/05/06;04:30:28;-0.1;1;1;1;0
2026/05/06;04:31:28;-0.1;1;1;1;0
2026/05/06;04:32:28;-0.1;1;1;1;0
2026/05/06;04:33:27;-0.1;1;1;1;0
2026/05/06;04:34:27;-0.1;1;1;1;0
2026/05/06;04:35:27;-0.1;1;1;1;0
2026/05/06;04:36:27;-0.1;1;1;1;0
2026/05/06;04:37:27;-0.1;1;1;1;0
2026/05/06;04:38:27;-0.1;1;1;1;0
2026/05/06;04:39:27;-0.1;1;1;1;0
2026/05/06;04:40:27;-0.1;1;1;1;0
2026/05/06;04:41:27;-0.1;1;1;1;0
2026/05/06;04:42:27;-0.1;1;1;1;0
2026/05/06;04:43:27;-0.1;1;1;1;0
2026/05/06;04:44:27;-0.1;1;1;1;0
2026/05/06;04:45:27;-0.1;1;1;1;0
2026/05/06;04:46:27;-0.1;1;1;1;0
2026/05/06;04:47:27;-0.1;1;1;1;0
2026/05/06;04:48:27;-0.1;1;1;1;0
2026/05/06;04:49:26;-0.1;1;1;1;0
2026/05/06;04:50:26;-0.1;1;1;1;0
2026/05/06;04:51:26;-0.1;1;1;1;0
2026/05/06;04:52:26;-0.1;1;1;1;0
2026/05/06;04:53:26;-0.1;1;1;1;0
2026/05/06;04:54:26;-0.1;1;1;1;0
2026/05/06;04:55:26;-0.1;1;1;1;0
2026/05/06;04:56:26;-0.1;1;1;1;0
2026/05/06;04:57:26;-0.1;1;1;1;0
2026/05/06;04:58:26;-0.1;1;1;1;0
2026/05/06;04:59:26;-0.1;1;1;1;0
2026/05/06;05:00:26;-0.1;1;1;1;0
2026/05/06;05:01:26;-0.1;1;1;1;0
2026/05/06;05:02:26;-0.1;1;1;1;0
2026/05/06;05:03:26;-0.1;1;1;1;0
2026/05/06;05:04:26;-0.2;1;1;1;0
2026/05/06;05:05:25;-0.2;1;1;1;0
2026/05/06;05:06:25;-0.1;1;1;1;0
2026/05/06;05:07:25;-0.1;1;1;1;0
2026/05/06;05:08:25;-0.1;1;1;1;0
2026/05/06;05:09:25;-0.1;1;1;1;0
2026/05/06;05:10:25;-0.2;1;1;1;0
2026/05/06;05:11:25;-0.3;1;1;1;0
2026/05/06;05:12:25;-0.2;1;1;1;0
2026/05/06;05:13:25;-0.2;1;1;1;0
2026/05/06;05:14:25;-0.2;1;1;1;0
2026/05/06;05:15:25;-0.2;1;1;1;0
2026/05/06;05:16:25;-0.2;1;1;1;0
2026/05/06;05:17:25;-0.2;1;1;1;0
2026/05/06;05:18:25;-0.2;1;1;1;0
2026/05/06;05:19:25;-0.2;1;1;1;0
2026/05/06;05:20:24;-0.2;1;1;1;0
2026/05/06;05:21:24;-0.2;1;1;1;0
2026/05/06;05:22:24;-0.2;1;1;1;0
2026/05/06;05:23:24;-0.2;1;1;1;0
2026/05/06;05:24:24;-0.1;1;1;1;0
2026/05/06;05:25:24;-0.1;1;1;1;0
2026/05/06;05:26:24;-0.1;1;1;1;0
2026/05/06;05:27:24;-0.1;1;1;1;0
2026/05/06;05:28:24;-0.1;1;1;1;0
2026/05/06;05:29:24;-0.1;1;1;1;0
2026/05/06;05:30:24;-0.1;1;1;1;0
2026/05/06;05:31:24;-0.1;1;1;1;0
2026/05/06;05:32:24;-0.1;1;1;1;0
2026/05/06;05:33:24;-0.1;1;1;1;0
2026/05/06;05:34:24;-0.1;1;1;1;0
2026/05/06;05:35:24; 0.0;1;1;1;0
2026/05/06;05:36:23;-0.0;1;1;1;0
2026/05/06;05:37:23;-0.1;1;1;1;0
2026/05/06;05:38:23; 0.0;1;1;1;0
2026/05/06;05:39:23; 0.0;1;1;1;0
2026/05/06;05:40:23; 0.1;1;1;1;0
2026/05/06;05:41:23; 0.1;1;1;1;0
2026/05/06;05:42:23; 0.1;1;1;1;0
2026/05/06;05:43:23; 0.1;1;1;1;0
2026/05/06;05:44:23; 0.1;1;1;1;0
2026/05/06;05:45:23; 0.1;1;1;1;0
2026/05/06;05:46:23; 0.1;1;1;1;0
2026/05/06;05:47:23; 0.1;1;1;1;0
2026/05/06;05:48:23; 0.1;1;1;1;0
2026/05/06;05:49:23; 0.1;1;1;1;0
2026/05/06;05:50:23; 0.1;1;1;1;0
2026/05/06;05:51:23; 0.1;1;1;1;0
2026/05/06;05:52:22; 0.2;1;1;1;0
2026/05/06;05:53:22; 0.2;1;1;1;0
2026/05/06;05:54:22; 0.2;1;1;1;0
2026/05/06;05:55:22; 0.2;1;1;1;0
2026/05/06;05:56:22; 0.2;1;1;1;0
2026/05/06;05:57:22; 0.2;1;1;1;0
2026/05/06;05:58:22; 0.2;1;1;1;0
2026/05/06;05:59:22; 0.2;1;1;1;0
2026/05/06;06:00:22; 0.2;1;1;1;0
2026/05/06;06:01:22; 0.2;1;1;1;0
2026/05/06;06:02:22; 0.2;1;1;1;0
2026/05/06;06:03:22; 0.2;1;1;1;0
2026/05/06;06:04:22; 0.2;1;1;1;0
2026/05/06;06:05:22; 0.2;1;1;1;0
2026/05/06;06:06:22; 0.3;1;1;1;0
2026/05/06;06:07:21; 0.2;1;1;1;0
2026/05/06;06:08:21; 0.2;1;1;1;0
2026/05/06;06:09:21; 0.3;1;1;1;0
2026/05/06;06:10:21; 0.3;1;1;1;0
2026/05/06;06:11:21; 0.3;1;1;1;0
2026/05/06;06:12:21; 0.3;1;1;1;0
2026/05/06;06:13:21; 0.3;1;1;1;0
2026/05/06;06:14:21; 0.3;1;1;1;0
2026/05/06;06:15:21; 0.3;1;1;1;0
2026/05/06;06:16:21; 0.3;1;1;1;0
2026/05/06;06:17:21; 0.3;1;1;1;0
2026/05/06;06:18:21; 0.3;1;1;1;0
2026/05/06;06:19:21; 0.3;1;1;1;0
2026/05/06;06:20:21; 0.3;1;1;1;0
2026/05/06;06:21:21; 0.3;1;1;1;0
2026/05/06;06:22:20; 0.3;1;1;1;0
2026/05/06;06:23:20; 0.3;1;1;1;0
2026/05/06;06:24:20; 0.3;1;1;1;0
2026/05/06;06:25:20; 0.3;1;1;1;0
2026/05/06;06:26:20; 0.3;1;1;1;0
2026/05/06;06:27:20; 0.3;1;1;1;0
2026/05/06;06:28:20; 0.4;1;1;1;0
2026/05/06;06:29:20; 0.3;1;1;1;0
2026/05/06;06:30:20; 0.3;1;1;1;0
2026/05/06;06:31:20; 0.3;1;1;1;0
2026/05/06;06:32:20; 0.3;1;1;1;0
2026/05/06;06:33:20; 0.3;1;1;1;0
2026/05/06;06:34:20; 0.3;1;1;1;0
2026/05/06;06:35:20; 0.3;1;1;1;0
2026/05/06;06:36:20; 0.3;1;1;1;0
2026/05/06;06:37:20; 0.3;1;1;1;0
2026/05/06;06:38:19; 0.3;1;1;1;0
2026/05/06;06:39:19; 0.3;1;1;1;0
2026/05/06;06:40:19; 0.3;1;1;1;0
2026/05/06;06:41:19; 0.3;1;1;1;0
2026/05/06;06:42:19; 0.3;1;1;1;0
2026/05/06;06:43:19; 0.3;1;1;1;0
2026/05/06;06:44:19; 0.3;1;1;1;0
2026/05/06;06:45:19; 0.3;1;1;1;0
2026/05/06;06:46:19; 0.3;1;1;1;0
2026/05/06;06:47:19; 0.2;1;1;1;0
2026/05/06;06:48:19; 0.2;1;1;1;0
2026/05/06;06:49:19; 0.2;1;1;1;0
2026/05/06;06:50:19; 0.2;1;1;1;0
2026/05/06;06:51:19; 0.2;1;1;1;0
2026/05/06;06:52:19; 0.2;1;1;1;0
2026/05/06;06:53:18; 0.2;1;1;1;0
2026/05/06;06:54:18; 0.1;1;1;1;0
2026/05/06;06:55:18; 0.1;1;1;1;0
2026/05/06;06:56:18; 0.1;1;1;1;0
2026/05/06;06:57:18; 0.1;1;1;1;0
2026/05/06;06:58:18; 0.1;1;1;1;0
2026/05/06;06:59:18; 0.1;1;1;1;0
2026/05/06;07:00:18; 0.1;1;1;1;0
2026/05/06;07:01:18; 0.1;1;1;1;0
2026/05/06;07:02:18; 0.1;1;1;1;0
2026/05/06;07:03:18; 0.1;1;1;1;0
2026/05/06;07:04:18; 0.1;1;1;1;0
2026/05/06;07:05:18; 0.1;1;1;1;0
2026/05/06;07:06:18; 0.1;1;1;1;0
2026/05/06;07:07:18; 0.1;1;1;1;0
2026/05/06;07:08:17; 0.1;1;1;1;0
2026/05/06;07:09:17; 0.1;1;1;1;0
2026/05/06;07:10:17; 0.1;1;1;1;0
2026/05/06;07:11:17; 0.0;1;1;1;0
2026/05/06;07:12:17; 0.1;1;1;1;0
2026/05/06;07:13:17; 0.1;1;1;1;0
2026/05/06;07:14:17; 0.0;1;1;1;0
2026/05/06;07:15:17; 0.0;1;1;1;0
2026/05/06;07:16:17; 0.0;1;1;1;0
2026/05/06;07:17:17; 0.0;1;1;1;0
2026/05/06;07:18:17; 0.0;1;1;1;0
2026/05/06;07:19:17; 0.0;1;1;1;0
2026/05/06;07:20:17; 0.0;1;1;1;0
2026/05/06;07:21:17; 0.0;1;1;1;0
2026/05/06;07:22:17; 0.0;1;1;1;0
2026/05/06;07:23:16; 0.0;1;1;1;0
2026/05/06;07:24:16; 0.0;1;1;1;0
2026/05/06;07:25:16; 0.0;1;1;1;0
2026/05/06;07:26:16; 0.0;1;1;1;0
2026/05/06;07:27:16; 0.0;1;1;1;0
2026/05/06;07:28:16; 0.0;1;1;1;0
2026/05/06;07:29:16;-0.0;1;1;1;0
2026/05/06;07:30:16;-0.0;1;1;1;0
2026/05/06;07:31:16; 0.0;1;1;1;0
2026/05/06;07:32:16;-0.0;1;1;1;0
2026/05/06;07:33:16;-0.0;1;1;1;0
2026/05/06;07:34:16; 0.0;1;1;1;0
2026/05/06;07:35:16;-0.0;1;1;1;0
2026/05/06;07:36:16;-0.0;1;1;1;0
2026/05/06;07:37:16;-0.0;1;1;1;0
2026/05/06;07:38:15;-0.0;1;1;1;0
2026/05/06;07:39:15;-0.0;1;1;1;0
2026/05/06;07:40:15;-0.0;1;1;1;0
2026/05/06;07:41:15;-0.0;1;1;1;0
2026/05/06;07:42:15;-0.0;1;1;1;0
2026/05/06;07:43:15;-0.0;1;1;1;0
2026/05/06;07:44:15;-0.0;1;1;1;0
2026/05/06;07:45:15;-0.0;1;1;1;0
2026/05/06;07:46:15;-0.0;1;1;1;0
2026/05/06;07:47:15;-0.0;1;1;1;0
2026/05/06;07:48:15;-0.0;1;1;1;0
2026/05/06;07:49:15;-0.0;1;1;1;0
2026/05/06;07:50:15;-0.0;1;1;1;0
2026/05/06;07:51:15;-0.0;1;1;1;0
2026/05/06;07:52:15;-0.0;1;1;1;0
2026/05/06;07:53:14;-0.0;1;1;1;0
2026/05/06;07:54:14;-0.0;1;1;1;0
2026/05/06;07:55:14;-0.0;1;1;1;0
2026/05/06;07:56:14;-0.0;1;1;1;0
2026/05/06;07:57:14;-0.0;1;1;1;0
2026/05/06;07:58:14;-0.0;1;1;1;0
2026/05/06;07:59:14;-0.0;1;1;1;0
2026/05/06;08:00:14;-0.0;1;1;1;0
2026/05/06;08:01:14;-0.0;1;1;1;0
2026/05/06;08:02:14;-0.0;1;1;1;0
2026/05/06;08:03:14;-0.0;1;1;1;0
2026/05/06;08:04:14;-0.0;1;1;1;0
2026/05/06;08:05:14;-0.0;1;1;1;0
2026/05/06;08:06:14;-0.0;1;1;1;0
2026/05/06;08:07:14;-0.0;1;1;1;0
2026/05/06;08:08:13;-0.0;1;1;1;0
2026/05/06;08:09:13;-0.0;1;1;1;0
2026/05/06;08:10:13;-0.0;1;1;1;0
2026/05/06;08:11:13;-0.0;1;1;1;0
2026/05/06;08:12:13;-0.0;1;1;1;0
2026/05/06;08:13:13;-0.0;1;1;1;0
2026/05/06;08:14:13;-0.0;1;1;1;0
2026/05/06;08:15:13;-0.0;1;1;1;0
2026/05/06;08:16:13;-0.0;1;1;1;0
2026/05/06;08:17:13;-0.0;1;1;1;0
2026/05/06;08:18:13;-0.0;1;1;1;0
2026/05/06;08:19:13;-0.0;1;1;1;0
2026/05/06;08:20:13;-0.0;1;1;1;0
2026/05/06;08:21:13;-0.0;1;1;1;0
2026/05/06;08:22:13;-0.0;1;1;1;0
2026/05/06;08:23:12;-0.1;1;1;1;0
2026/05/06;08:24:12;-0.0;1;1;1;0
2026/05/06;08:25:12;-0.0;1;1;1;0
2026/05/06;08:26:12;-0.0;1;1;1;0
2026/05/06;08:27:12;-0.0;1;1;1;0
2026/05/06;08:28:12;-0.0;1;1;1;0
2026/05/06;08:29:12;-0.0;1;1;1;0
2026/05/06;08:30:12;-0.0;1;1;1;0
2026/05/06;08:31:12;-0.0;1;1;1;0
2026/05/06;08:32:12;-0.0;1;1;1;0
2026/05/06;08:33:12;-0.0;1;1;1;0
2026/05/06;08:34:12;-0.0;1;1;1;0
2026/05/06;08:35:12;-0.0;1;1;1;0
2026/05/06;08:36:12;-0.0;1;1;1;0
2026/05/06;08:37:12;-0.0;1;1;1;0
2026/05/06;08:38:11;-0.0;1;1;1;0
2026/05/06;08:39:11;-0.0;1;1;1;0
2026/05/06;08:40:11;-0.0;1;1;1;0
2026/05/06;08:41:11;-0.0;1;1;1;0
2026/05/06;08:42:11;-0.0;1;1;1;0
2026/05/06;08:43:11;-0.0;1;1;1;0
2026/05/06;08:44:11;-0.0;1;1;1;0
2026/05/06;08:45:11;-0.0;1;1;1;0
2026/05/06;08:46:11;-0.0;1;1;1;0
2026/05/06;08:47:11;-0.0;1;1;1;0
2026/05/06;08:48:11;-0.0;1;1;1;0
2026/05/06;08:49:11;-0.0;1;1;1;0
2026/05/06;08:50:11;-0.0;1;1;1;0
2026/05/06;08:51:11;-0.0;1;1;1;0
2026/05/06;08:52:11;-0.0;1;1;1;0
2026/05/06;08:53:10;-0.1;1;1;1;0
2026/05/06;08:54:10;-0.0;1;1;1;0
2026/05/06;08:55:10;-0.0;1;1;1;0
2026/05/06;08:56:10;-0.0;1;1;1;0
2026/05/06;08:57:10;-0.0;1;1;1;0
2026/05/06;08:58:10;-0.0;1;1;1;0
2026/05/06;08:59:10;-0.0;1;1;1;0
2026/05/06;09:00:10;-0.0;1;1;1;0
2026/05/06;09:01:10;-0.0;1;1;1;0
2026/05/06;09:02:10;-0.0;1;1;1;0
2026/05/06;09:03:10;-0.0;1;1;1;0
2026/05/06;09:04:10;-0.0;1;1;1;0
2026/05/06;09:05:10;-0.0;1;1;1;0
2026/05/06;09:06:10;-0.0;1;1;1;0
2026/05/06;09:07:10;-0.0;1;1;1;0
2026/05/06;09:08:09;-0.1;1;1;1;0
2026/05/06;09:09:09;-0.0;1;1;1;0
2026/05/06;09:10:09;-0.1;1;1;1;0
2026/05/06;09:11:09;-0.0;1;1;1;0
2026/05/06;09:12:09;-0.0;1;1;1;0
2026/05/06;09:13:09;-0.0;1;1;1;0
2026/05/06;09:14:09;-0.0;1;1;1;0
2026/05/06;09:15:09;-0.0;1;1;1;0
2026/05/06;09:16:09;-0.0;1;1;1;0
2026/05/06;09:17:09;-0.0;1;1;1;0
2026/05/06;09:18:09;-0.0;1;1;1;0
2026/05/06;09:19:09;-0.0;1;1;1;0
2026/05/06;09:20:09;-0.0;1;1;1;0
2026/05/06;09:21:09;-0.0;1;1;1;0
2026/05/06;09:22:09;-0.0;1;1;1;0
2026/05/06;09:23:08;-0.0;1;1;1;0
2026/05/06;09:24:08;-0.0;1;1;1;0
2026/05/06;09:25:08;-0.0;1;1;1;0
2026/05/06;09:26:08;-0.0;1;1;1;0
2026/05/06;09:27:08;-0.0;1;1;1;0
2026/05/06;09:28:08;-0.0;1;1;1;0
2026/05/06;09:29:08;-0.0;1;1;1;0
2026/05/06;09:30:08;-0.0;1;1;1;0
2026/05/06;09:31:08;-0.1;1;1;1;0
2026/05/06;09:32:08;-0.1;1;1;1;0
2026/05/06;09:33:08;-0.0;1;1;1;0
2026/05/06;09:34:08;-0.0;1;1;1;0
2026/05/06;09:35:08;-0.0;1;1;1;0
2026/05/06;09:36:08;-0.0;1;1;1;0
2026/05/06;09:37:08;-0.0;1;1;1;0
2026/05/06;09:38:07;-0.0;1;1;1;0
2026/05/06;09:39:07;-0.0;1;1;1;0
2026/05/06;09:40:07;-0.0;1;1;1;0
2026/05/06;09:41:07;-0.0;1;1;1;0
2026/05/06;09:42:07;-0.0;1;1;1;0
2026/05/06;09:43:07;-0.0;1;1;1;0
2026/05/06;09:44:07;-0.0;1;1;1;0
2026/05/06;09:45:07;-0.1;1;1;1;0
2026/05/06;09:46:07;-0.0;1;1;1;0
2026/05/06;09:47:07;-0.0;1;1;1;0
2026/05/06;09:48:07;-0.0;1;1;1;0
2026/05/06;09:49:07;-0.0;1;1;1;0
2026/05/06;09:50:07;-0.0;1;1;1;0
2026/05/06;09:51:07;-0.1;1;1;1;0
2026/05/06;09:52:07;-0.1;1;1;1;0
2026/05/06;09:53:06;-0.0;1;1;1;0
2026/05/06;09:54:06;-0.0;1;1;1;0
2026/05/06;09:55:06;-0.0;1;1;1;0
2026/05/06;09:56:06;-0.0;1;1;1;0
2026/05/06;09:57:06;-0.1;1;1;1;0
2026/05/06;09:58:06;-0.1;1;1;1;0
2026/05/06;09:59:06;-0.0;1;1;1;0
2026/05/06;10:00:06;-0.0;1;1;1;0
2026/05/06;10:01:06;-0.0;1;1;1;0
2026/05/06;10:02:06;-0.0;1;1;1;0
2026/05/06;10:03:06;-0.0;1;1;1;0
2026/05/06;10:04:06;-0.0;1;1;1;0
2026/05/06;10:05:06;-0.0;1;1;1;0
2026/05/06;10:06:06;-0.0;1;1;1;0
2026/05/06;10:07:06;-0.0;1;1;1;0
2026/05/06;10:08:05;-0.0;1;1;1;0
2026/05/06;10:09:05;-0.0;1;1;1;0
2026/05/06;10:10:05;-0.0;1;1;1;0
2026/05/06;10:11:05;-0.0;1;1;1;0
2026/05/06;10:12:05;-0.0;1;1;1;0
2026/05/06;10:13:05;-0.0;1;1;1;0
2026/05/06;10:14:05;-0.0;1;1;1;0
2026/05/06;10:15:05;-0.0;1;1;1;0
2026/05/06;10:16:05;-0.0;1;1;1;0
2026/05/06;10:17:05;-0.0;1;1;1;0
2026/05/06;10:18:05;-0.1;1;1;1;0
2026/05/06;10:19:05;-0.0;1;1;1;0
2026/05/06;10:20:05;-0.0;1;1;1;0
2026/05/06;10:21:05;-0.0;1;1;1;0
2026/05/06;10:22:05;-0.0;1;1;1;0
2026/05/06;10:23:04;-0.0;1;1;1;0
2026/05/06;10:24:04;-0.0;1;1;1;0
2026/05/06;10:25:04;-0.0;1;1;1;0
2026/05/06;10:26:04;-0.0;1;1;1;0
2026/05/06;10:27:04;-0.0;1;1;1;0
2026/05/06;10:28:04;-0.0;1;1;1;0
2026/05/06;10:29:04;-0.0;1;1;1;0
2026/05/06;10:30:04;-0.1;1;1;1;0
2026/05/06;10:31:04;-0.0;1;1;1;0
2026/05/06;10:32:04;-0.0;1;1;1;0
2026/05/06;10:33:04;-0.0;1;1;1;0
2026/05/06;10:34:04;-0.0;1;1;1;0
2026/05/06;10:35:04;-0.0;1;1;1;0
2026/05/06;10:36:04;-0.0;1;1;1;0
2026/05/06;10:37:04;-0.0;1;1;1;0
2026/05/06;10:38:03;-0.0;1;1;1;0
2026/05/06;10:39:03;-0.0;1;1;1;0
2026/05/06;10:40:03;-0.0;1;1;1;0
2026/05/06;10:41:03;-0.0;1;1;1;0
2026/05/06;10:42:03;-0.1;1;1;1;0
2026/05/06;10:43:03;-0.1;1;1;1;0
2026/05/06;10:44:03;-0.0;1;1;1;0
2026/05/06;10:45:03;-0.0;1;1;1;0
2026/05/06;10:46:03;-0.0;1;1;1;0
2026/05/06;10:47:03;-0.0;1;1;1;0
2026/05/06;10:48:03;-0.0;1;1;1;0
2026/05/06;10:49:03;-0.0;1;1;1;0
2026/05/06;10:50:03;-0.0;1;1;1;0
2026/05/06;10:51:03;-0.0;1;1;1;0
2026/05/06;10:52:03;-0.0;1;1;1;0
2026/05/06;10:53:02;-0.0;1;1;1;0
2026/05/06;10:54:02;-0.1;1;1;1;0
2026/05/06;10:55:02;-0.0;1;1;1;0
2026/05/06;10:56:02;-0.0;1;1;1;0
2026/05/06;10:57:02;-0.0;1;1;1;0
2026/05/06;10:58:02;-0.0;1;1;1;0
2026/05/06;10:59:02;-0.0;1;1;1;0
2026/05/06;11:00:02;-0.1;1;1;1;0
2026/05/06;11:01:02;-0.0;1;1;1;0
2026/05/06;11:02:02;-0.1;1;1;1;0
2026/05/06;11:03:02;-0.0;1;1;1;0
2026/05/06;11:04:02;-0.0;1;1;1;0
2026/05/06;11:05:02;-0.0;1;1;1;0
2026/05/06;11:06:02;-0.0;1;1;1;0
2026/05/06;11:07:02;-0.0;1;1;1;0
2026/05/06;11:08:01;-0.0;1;1;1;0
2026/05/06;11:09:01;-0.0;1;1;1;0
2026/05/06;11:10:01;-0.1;1;1;1;0
2026/05/06;11:11:01;-0.0;1;1;1;0
2026/05/06;11:12:01;-0.0;1;1;1;0
2026/05/06;11:13:01;-0.0;1;1;1;0
2026/05/06;11:14:01;-0.0;1;1;1;0
2026/05/06;11:15:01;-0.0;1;1;1;0
2026/05/06;11:16:01;-0.0;1;1;1;0
2026/05/06;11:17:01;-0.0;1;1;1;0
2026/05/06;11:18:01;-0.1;1;1;1;0
2026/05/06;11:19:01;-0.0;1;1;1;0
2026/05/06;11:20:01;-0.0;1;1;1;0
2026/05/06;11:21:01;-0.0;1;1;1;0
2026/05/06;11:22:01;-0.0;1;1;1;0
2026/05/06;11:23:00;-0.1;1;1;1;0
2026/05/06;11:24:00;-0.0;1;1;1;0
2026/05/06;11:25:00;-0.0;1;1;1;0
2026/05/06;11:26:00;-0.1;1;1;1;0
2026/05/06;11:27:00;-0.0;1;1;1;0
2026/05/06;11:28:00;-0.1;1;1;1;0
2026/05/06;11:29:00;-0.0;1;1;1;0
2026/05/06;11:30:00;-0.0;1;1;1;0
2026/05/06;11:31:00;-0.0;1;1;1;0
2026/05/06;11:32:00;-0.0;1;1;1;0
2026/05/06;11:33:00;-0.0;1;1;1;0
2026/05/06;11:34:00;-0.0;1;1;1;0
2026/05/06;11:35:00;-0.0;1;1;1;0
2026/05/06;11:36:00;-0.0;1;1;1;0
2026/05/06;11:37:00;-0.1;1;1;1;0
2026/05/06;11:37:59;-0.1;1;1;1;0
2026/05/06;11:38:59;-0.0;1;1;1;0
2026/05/06;11:39:59;-0.0;1;1;1;0
2026/05/06;11:40:59;-0.1;1;1;1;0
2026/05/06;11:41:59;-0.1;1;1;1;0
2026/05/06;11:42:59;-0.1;1;1;1;0
2026/05/06;11:43:59;-0.1;1;1;1;0
2026/05/06;11:44:59;-0.0;1;1;1;0
2026/05/06;11:45:59;-0.0;1;1;1;0
2026/05/06;11:46:59;-0.1;1;1;1;0
2026/05/06;11:47:59;-0.1;1;1;1;0
2026/05/06;11:48:59;-0.0;1;1;1;0
2026/05/06;11:49:59;-0.1;1;1;1;0
2026/05/06;11:50:59;-0.0;1;1;1;0
2026/05/06;11:51:59;-0.0;1;1;1;0
2026/05/06;11:52:58;-0.0;1;1;1;0
2026/05/06;11:53:58;-0.0;1;1;1;0
2026/05/06;11:54:58;-0.0;1;1;1;0
2026/05/06;11:55:58;-0.1;1;1;1;0
2026/05/06;11:56:58;-0.0;1;1;1;0
2026/05/06;11:57:58;-0.1;1;1;1;0
2026/05/06;11:58:58;-0.1;1;1;1;0
2026/05/06;11:59:58;-0.0;1;1;1;0
2026/05/06;12:00:58;-0.0;1;1;1;0
2026/05/06;12:01:58;-0.0;1;1;1;0
2026/05/06;12:02:58;-0.0;1;1;1;0
2026/05/06;12:03:58;-0.1;1;1;1;0
2026/05/06;12:04:58;-0.1;1;1;1;0
2026/05/06;12:05:58;-0.1;1;1;1;0
2026/05/06;12:06:58;-0.1;1;1;1;0
2026/05/06;12:07:57;-0.1;1;1;1;0
2026/05/06;12:08:57;-0.1;1;1;1;0
2026/05/06;12:09:57;-0.1;1;1;1;0
2026/05/06;12:10:57;-0.1;1;1;1;0
2026/05/06;12:11:57;-0.1;1;1;1;0
2026/05/06;12:12:57;-0.1;1;1;1;0
2026/05/06;12:13:57;-0.1;1;1;1;0
2026/05/06;12:14:57;-0.1;1;1;1;0
2026/05/06;12:15:57;-0.1;1;1;1;0
2026/05/06;12:16:57;-0.1;1;1;1;0
2026/05/06;12:17:57;-0.0;1;1;1;0
2026/05/06;12:18:57;-0.1;1;1;1;0
2026/05/06;12:19:57;-0.1;1;1;1;0
2026/05/06;12:20:57;-0.1;1;1;1;0
2026/05/06;12:21:56;-0.1;1;1;1;0
2026/05/06;12:22:56;-0.0;1;1;1;0
2026/05/06;12:23:56;-0.0;1;1;1;0
2026/05/06;12:24:56;-0.0;1;1;1;0
2026/05/06;12:25:56;-0.1;1;1;1;0
2026/05/06;12:26:56;-0.0;1;1;1;0
2026/05/06;12:27:56;-0.0;1;1;1;0
2026/05/06;12:28:56;-0.1;1;1;1;0
2026/05/06;12:29:56;-0.1;1;1;1;0
2026/05/06;12:30:56;-0.0;1;1;1;0
2026/05/06;12:31:56;-0.0;1;1;1;0
2026/05/06;12:32:56;-0.0;1;1;1;0
2026/05/06;12:33:56;-0.0;1;1;1;0
2026/05/06;12:34:56;-0.0;1;1;1;0
2026/05/06;12:35:56;-0.0;1;1;1;0
2026/05/06;12:36:55;-0.0;1;1;1;0
2026/05/06;12:37:55;-0.1;1;1;1;0
2026/05/06;12:38:55;-0.1;1;1;1;0
2026/05/06;12:39:55;-0.0;1;1;1;0
2026/05/06;12:40:55;-0.1;1;1;1;0
2026/05/06;12:41:55;-0.0;1;1;1;0
2026/05/06;12:42:55; 0.0;1;1;1;0
2026/05/06;12:43:55;-0.0;1;1;1;0
2026/05/06;12:44:55;-0.0;1;1;1;0
2026/05/06;12:45:55;-0.1;1;1;1;0
2026/05/06;12:46:55;-0.1;1;1;1;0
2026/05/06;12:47:55;-0.1;1;1;1;0
2026/05/06;12:48:55;-0.1;1;1;1;0
2026/05/06;12:49:55;-0.0;1;1;1;0
2026/05/06;12:50:55;-0.1;1;1;1;0
2026/05/06;12:51:54;-0.0;1;1;1;0
2026/05/06;12:52:54;-0.0;1;1;1;0
2026/05/06;12:53:54;-0.1;1;1;1;0
2026/05/06;12:54:54;-0.0;1;1;1;0
2026/05/06;12:55:54;-0.0;1;1;1;0
2026/05/06;12:56:54;-0.0;1;1;1;0
2026/05/06;12:57:54;-0.0;1;1;1;0
2026/05/06;12:58:54;-0.1;1;1;1;0
2026/05/06;12:59:54;-0.1;1;1;1;0
2026/05/06;13:00:54;-0.0;1;1;1;0
2026/05/06;13:01:54;-0.1;1;1;1;0
2026/05/06;13:02:54;-0.1;1;1;1;0
2026/05/06;13:03:54;-0.1;1;1;1;0
2026/05/06;13:04:54;-0.0;1;1;1;0
2026/05/06;13:05:54;-0.1;1;1;1;0
2026/05/06;13:06:53;-0.0;1;1;1;0
2026/05/06;13:07:53;-0.1;1;1;1;0
2026/05/06;13:08:53;-0.0;1;1;1;0
2026/05/06;13:09:53;-0.1;1;1;1;0
2026/05/06;13:10:53;-0.1;1;1;1;0
2026/05/06;13:11:53;-0.0;1;1;1;0
2026/05/06;13:12:53;-0.0;1;1;1;0
2026/05/06;13:13:53;-0.0;1;1;1;0
2026/05/06;13:14:53;-0.1;1;1;1;0
2026/05/06;13:15:53;-0.0;1;1;1;0
2026/05/06;13:16:53;-0.1;1;1;1;0
2026/05/06;13:17:53;-0.0;1;1;1;0
2026/05/06;13:18:53;-0.0;1;1;1;0
2026/05/06;13:19:53;-0.0;1;1;1;0
2026/05/06;13:20:53;-0.0;1;1;1;0
2026/05/06;13:21:52;-0.0;1;1;1;0
2026/05/06;13:22:52;-0.0;1;1;1;0
2026/05/06;13:23:52;-0.0;1;1;1;0
2026/05/06;13:24:52;-0.1;1;1;1;0
2026/05/06;13:25:52;-0.0;1;1;1;0
2026/05/06;13:26:52;-0.0;1;1;1;0
2026/05/06;13:27:52;-0.1;1;1;1;0
2026/05/06;13:28:52;-0.1;1;1;1;0
2026/05/06;13:29:52;-0.0;1;1;1;0
2026/05/06;13:30:52;-0.0;1;1;1;0
2026/05/06;13:31:52;-0.0;1;1;1;0
2026/05/06;13:32:52;-0.0;1;1;1;0
2026/05/06;13:33:52;-0.0;1;1;1;0
2026/05/06;13:34:52;-0.0;1;1;1;0
2026/05/06;13:35:52;-0.0;1;1;1;0
2026/05/06;13:36:51;-0.0;1;1;1;0
2026/05/06;13:37:51;-0.0;1;1;1;0
2026/05/06;13:38:51;-0.0;1;1;1;0
2026/05/06;13:39:51;-0.1;1;1;1;0
2026/05/06;13:40:51;-0.1;1;1;1;0
2026/05/06;13:41:51;-0.0;1;1;1;0
2026/05/06;13:42:51;-0.0;1;1;1;0
2026/05/06;13:43:51;-0.0;1;1;1;0
2026/05/06;13:44:51;-0.0;1;1;1;0
2026/05/06;13:45:51;-0.0;1;1;1;0
2026/05/06;13:46:51;-0.1;1;1;1;0
2026/05/06;13:47:51;-0.0;1;1;1;0
2026/05/06;13:48:51;-0.0;1;1;1;0
2026/05/06;13:49:51;-0.0;1;1;1;0
2026/05/06;13:50:51;-0.1;1;1;1;0
2026/05/06;13:51:50;-0.1;1;1;1;0
2026/05/06;13:52:50;-0.0;1;1;1;0
2026/05/06;13:53:50;-0.0;1;1;1;0
2026/05/06;13:54:50;-0.0;1;1;1;0
2026/05/06;13:55:50;-0.0;1;1;1;0
2026/05/06;13:56:50;-0.1;1;1;1;0
2026/05/06;13:57:50;-0.1;1;1;1;0
2026/05/06;13:58:50;-0.1;1;1;1;0
2026/05/06;13:59:50;-0.0;1;1;1;0
2026/05/06;14:00:50;-0.0;1;1;1;0
2026/05/06;14:01:50;-0.0;1;1;1;0
2026/05/06;14:02:50;-0.0;1;1;1;0
2026/05/06;14:03:50;-0.0;1;1;1;0
2026/05/06;14:04:50;-0.0;1;1;1;0
2026/05/06;14:05:50;-0.1;1;1;1;0
2026/05/06;14:06:49;-0.1;1;1;1;0
2026/05/06;14:07:49;-0.1;1;1;1;0
2026/05/06;14:08:49;-0.1;1;1;1;0
2026/05/06;14:09:49;-0.1;1;1;1;0
2026/05/06;14:10:49;-0.1;1;1;1;0
2026/05/06;14:11:49;-0.1;1;1;1;0
2026/05/06;14:12:49;-0.1;1;1;1;0
2026/05/06;14:13:49;-0.1;1;1;1;0
2026/05/06;14:14:49;-0.1;1;1;1;0
2026/05/06;14:15:49;-0.0;1;1;1;0
2026/05/06;14:16:49;-0.0;1;1;1;0
2026/05/06;14:17:49;-0.1;1;1;1;0
2026/05/06;14:18:49;-0.1;1;1;1;0
2026/05/06;14:19:49;-0.1;1;1;1;0
2026/05/06;14:20:49;-0.1;1;1;1;0
2026/05/06;14:21:48;-0.1;1;1;1;0
2026/05/06;14:22:48;-0.1;1;1;1;0
2026/05/06;14:23:48;-0.1;1;1;1;0
2026/05/06;14:24:48;-0.0;1;1;1;0
2026/05/06;14:25:48;-0.1;1;1;1;0
2026/05/06;14:26:48;-0.0;1;1;1;0
2026/05/06;14:27:48;-0.0;1;1;1;0
2026/05/06;14:28:48;-0.1;1;1;1;0
2026/05/06;14:29:48;-0.0;1;1;1;0
2026/05/06;14:30:48;-0.0;1;1;1;0
2026/05/06;14:31:48;-0.0;1;1;1;0
2026/05/06;14:32:48;-0.1;1;1;1;0
2026/05/06;14:33:48;-0.0;1;1;1;0
2026/05/06;14:34:48;-0.0;1;1;1;0
2026/05/06;14:35:48;-0.0;1;1;1;0
2026/05/06;14:36:47;-0.0;1;1;1;0
2026/05/06;14:37:47;-0.0;1;1;1;0
2026/05/06;14:38:47;-0.1;1;1;1;0
2026/05/06;14:39:47;-0.0;1;1;1;0
2026/05/06;14:40:47;-0.1;1;1;1;0
2026/05/06;14:41:47;-0.0;1;1;1;0
2026/05/06;14:42:47;-0.0;1;1;1;0
2026/05/06;14:43:47;-0.1;1;1;1;0
2026/05/06;14:44:47;-0.1;1;1;1;0
2026/05/06;14:45:47;-0.1;1;1;1;0
2026/05/06;14:46:47;-0.1;1;1;1;0
2026/05/06;14:47:47;-0.1;1;1;1;0
2026/05/06;14:48:47;-0.1;1;1;1;0
2026/05/06;14:49:47;-0.1;1;1;1;0
2026/05/06;14:50:47;-0.0;1;1;1;0
2026/05/06;14:51:46;-0.1;1;1;1;0
2026/05/06;14:52:46;-0.1;1;1;1;0
2026/05/06;14:53:46;-0.1;1;1;1;0
2026/05/06;14:54:46;-0.1;1;1;1;0
2026/05/06;14:55:46;-0.1;1;1;1;0
2026/05/06;14:56:46;-0.1;1;1;1;0
2026/05/06;14:57:46;-0.1;1;1;1;0
2026/05/06;14:58:46;-0.1;1;1;1;0
2026/05/06;14:59:46;-0.0;1;1;1;0
2026/05/06;15:00:46;-0.0;1;1;1;0
2026/05/06;15:01:46;-0.1;1;1;1;0
2026/05/06;15:02:46;-0.1;1;1;1;0
2026/05/06;15:03:46;-0.1;1;1;1;0
2026/05/06;15:04:46;-0.1;1;1;1;0
2026/05/06;15:05:45;-0.1;1;1;1;0
2026/05/06;15:06:45;-0.1;1;1;1;0
2026/05/06;15:07:45;-0.1;1;1;1;0
2026/05/06;15:08:45;-0.1;1;1;1;0
2026/05/06;15:09:45;-0.0;1;1;1;0
2026/05/06;15:10:45;-0.0;1;1;1;0
2026/05/06;15:11:45;-0.1;1;1;1;0
2026/05/06;15:12:45;-0.1;1;1;1;0
2026/05/06;15:13:45;-0.0;1;1;1;0
2026/05/06;15:14:45;-0.0;1;1;1;0
2026/05/06;15:15:45;-0.0;1;1;1;0
2026/05/06;15:16:45;-0.0;1;1;1;0
2026/05/06;15:17:45;-0.0;1;1;1;0
2026/05/06;15:18:45;-0.0;1;1;1;0
2026/05/06;15:19:45;-0.0;1;1;1;0
2026/05/06;15:20:44;-0.1;1;1;1;0
2026/05/06;15:21:44;-0.1;1;1;1;0
2026/05/06;15:22:44;-0.0;1;1;1;0
2026/05/06;15:23:44;-0.0;1;1;1;0
2026/05/06;15:24:44;-0.0;1;1;1;0
2026/05/06;15:25:44;-0.0;1;1;1;0
2026/05/06;15:26:44;-0.1;1;1;1;0
2026/05/06;15:27:44;-0.1;1;1;1;0
2026/05/06;15:28:44;-0.0;1;1;1;0
2026/05/06;15:29:44;-0.0;1;1;1;0
2026/05/06;15:30:44;-0.0;1;1;1;0
2026/05/06;15:31:44;-0.1;1;1;1;0
2026/05/06;15:32:44;-0.0;1;1;1;0
2026/05/06;15:33:44;-0.1;1;1;1;0
2026/05/06;15:34:44;-0.0;1;1;1;0
2026/05/06;15:35:43;-0.0;1;1;1;0
2026/05/06;15:36:43;-0.1;1;1;1;0
2026/05/06;15:37:43;-0.0;1;1;1;0
2026/05/06;15:38:43;-0.1;1;1;1;0
2026/05/06;15:39:43;-0.1;1;1;1;0
2026/05/06;15:40:43;-0.1;1;1;1;0
2026/05/06;15:41:43;-0.1;1;1;1;0
2026/05/06;15:42:43;-0.1;1;1;1;0
2026/05/06;15:43:43;-0.1;1;1;1;0
2026/05/06;15:44:43;-0.0;1;1;1;0
2026/05/06;15:45:43;-0.1;1;1;1;0
2026/05/06;15:46:43;-0.1;1;1;1;0
2026/05/06;15:47:43;-0.1;1;1;1;0
2026/05/06;15:48:43;-0.1;1;1;1;0
2026/05/06;15:49:43;-0.1;1;1;1;0
2026/05/06;15:50:42;-0.1;1;1;1;0
2026/05/06;15:51:42;-0.1;1;1;1;0
2026/05/06;15:52:42;-0.1;1;1;1;0
2026/05/06;15:53:42;-0.1;1;1;1;0
2026/05/06;15:54:42;-0.1;1;1;1;0
2026/05/06;15:55:42;-0.1;1;1;1;0
2026/05/06;15:56:42;-0.1;1;1;1;0
2026/05/06;15:57:42;-0.1;1;1;1;0
2026/05/06;15:58:42;-0.0;1;1;1;0
2026/05/06;15:59:42;-0.0;1;1;1;0
2026/05/06;16:00:42;-0.0;1;1;1;0
2026/05/06;16:01:42;-0.0;1;1;1;0
2026/05/06;16:02:42;-0.1;1;1;1;0
2026/05/06;16:03:42;-0.0;1;1;1;0
2026/05/06;16:04:42;-0.1;1;1;1;0
2026/05/06;16:05:41;-0.1;1;1;1;0
2026/05/06;16:06:41;-0.1;1;1;1;0
2026/05/06;16:07:41;-0.0;1;1;1;0
2026/05/06;16:08:41;-0.0;1;1;1;0
2026/05/06;16:09:41;-0.0;1;1;1;0
2026/05/06;16:10:41;-0.0;1;1;1;0
2026/05/06;16:11:41;-0.0;1;1;1;0
2026/05/06;16:12:41;-0.0;1;1;1;0
2026/05/06;16:13:41;-0.0;1;1;1;0
2026/05/06;16:14:41;-0.0;1;1;1;0
2026/05/06;16:15:41;-0.1;1;1;1;0
2026/05/06;16:16:41;-0.0;1;1;1;0
2026/05/06;16:17:41;-0.1;1;1;1;0
2026/05/06;16:18:41;-0.1;1;1;1;0
2026/05/06;16:19:41;-0.1;1;1;1;0
2026/05/06;16:20:40;-0.1;1;1;1;0
2026/05/06;16:21:40;-0.1;1;1;1;0
2026/05/06;16:22:40;-0.0;1;1;1;0
2026/05/06;16:23:40;-0.0;1;1;1;0
2026/05/06;16:24:40;-0.1;1;1;1;0
2026/05/06;16:25:40;-0.1;1;1;1;0
2026/05/06;16:26:40;-0.1;1;1;1;0
2026/05/06;16:27:40;-0.1;1;1;1;0
2026/05/06;16:28:40;-0.1;1;1;1;0
2026/05/06;16:29:40;-0.1;1;1;1;0
2026/05/06;16:30:40;-0.1;1;1;1;0
2026/05/06;16:31:40;-0.1;1;1;1;0
2026/05/06;16:32:40;-0.1;1;1;1;0
2026/05/06;16:33:40;-0.1;1;1;1;0
2026/05/06;16:34:40;-0.0;1;1;1;0
2026/05/06;16:35:39;-0.1;1;1;1;0
2026/05/06;16:36:39;-0.1;1;1;1;0
2026/05/06;16:37:39;-0.1;1;1;1;0
2026/05/06;16:38:39;-0.1;1;1;1;0
2026/05/06;16:39:39;-0.1;1;1;1;0
2026/05/06;16:40:39;-0.1;1;1;1;0
2026/05/06;16:41:39;-0.1;1;1;1;0
2026/05/06;16:42:39;-0.1;1;1;1;0
2026/05/06;16:43:39;-0.0;1;1;1;0
2026/05/06;16:44:39;-0.0;1;1;1;0
2026/05/06;16:45:39;-0.0;1;1;1;0
2026/05/06;16:46:39;-0.0;1;1;1;0
2026/05/06;16:47:39;-0.0;1;1;1;0
2026/05/06;16:48:39;-0.0;1;1;1;0
2026/05/06;16:49:39;-0.0;1;1;1;0
2026/05/06;16:50:38;-0.0;1;1;1;0
2026/05/06;16:51:38;-0.1;1;1;1;0
2026/05/06;16:52:38;-0.0;1;1;1;0
2026/05/06;16:53:38;-0.0;1;1;1;0
2026/05/06;16:54:38;-0.1;1;1;1;0
2026/05/06;16:55:38;-0.1;1;1;1;0
2026/05/06;16:56:38;-0.1;1;1;1;0
2026/05/06;16:57:38;-0.1;1;1;1;0
2026/05/06;16:58:38;-0.1;1;1;1;0
2026/05/06;16:59:38;-0.0;1;1;1;0
2026/05/06;17:00:38;-0.0;1;1;1;0
2026/05/06;17:01:38;-0.0;1;1;1;0
2026/05/06;17:02:38;-0.1;1;1;1;0
2026/05/06;17:03:38;-0.1;1;1;1;0
2026/05/06;17:04:38;-0.1;1;1;1;0
2026/05/06;17:05:37;-0.0;1;1;1;0
2026/05/06;17:06:37;-0.1;1;1;1;0
2026/05/06;17:07:37;-0.1;1;1;1;0
2026/05/06;17:08:37;-0.0;1;1;1;0
2026/05/06;17:09:37;-0.0;1;1;1;0
2026/05/06;17:10:37;-0.0;1;1;1;0
2026/05/06;17:11:37;-0.0;1;1;1;0
2026/05/06;17:12:37;-0.1;1;1;1;0
2026/05/06;17:13:37;-0.1;1;1;1;0
2026/05/06;17:14:37;-0.1;1;1;1;0
2026/05/06;17:15:37;-0.1;1;1;1;0
2026/05/06;17:16:37;-0.0;1;1;1;0
2026/05/06;17:17:37;-0.1;1;1;1;0
2026/05/06;17:18:37;-0.1;1;1;1;0
2026/05/06;17:19:37;-0.1;1;1;1;0
2026/05/06;17:20:36;-0.1;1;1;1;0
2026/05/06;17:21:36;-0.0;1;1;1;0
2026/05/06;17:22:36;-0.0;1;1;1;0
2026/05/06;17:23:36;-0.0;1;1;1;0
2026/05/06;17:24:36;-0.1;1;1;1;0
2026/05/06;17:25:36;-0.1;1;1;1;0
2026/05/06;17:26:36;-0.1;1;1;1;0
2026/05/06;17:27:36;-0.0;1;1;1;0
2026/05/06;17:28:36;-0.0;1;1;1;0
2026/05/06;17:29:36;-0.1;1;1;1;0
2026/05/06;17:30:36;-0.0;1;1;1;0
2026/05/06;17:31:36;-0.0;1;1;1;0
2026/05/06;17:32:36;-0.1;1;1;1;0
2026/05/06;17:33:36;-0.1;1;1;1;0
2026/05/06;17:34:36;-0.1;1;1;1;0
2026/05/06;17:35:35;-0.1;1;1;1;0
2026/05/06;17:36:35;-0.1;1;1;1;0
2026/05/06;17:37:35;-0.1;1;1;1;0
2026/05/06;17:38:35;-0.1;1;1;1;0
2026/05/06;17:39:35;-0.1;1;1;1;0
2026/05/06;17:40:35;-0.1;1;1;1;0
2026/05/06;17:41:35;-0.1;1;1;1;0
2026/05/06;17:42:35;-0.1;1;1;1;0
2026/05/06;17:43:35;-0.1;1;1;1;0
2026/05/06;17:44:35;-0.1;1;1;1;0
2026/05/06;17:45:35;-0.1;1;1;1;0
2026/05/06;17:46:35;-0.1;1;1;1;0
2026/05/06;17:47:35;-0.1;1;1;1;0
2026/05/06;17:48:35;-0.1;1;1;1;0
2026/05/06;17:49:34;-0.1;1;1;1;0
2026/05/06;17:50:34;-0.1;1;1;1;0
2026/05/06;17:51:34;-0.0;1;1;1;0
2026/05/06;17:52:34;-0.1;1;1;1;0
2026/05/06;17:53:34;-0.1;1;1;1;0
2026/05/06;17:54:34;-0.1;1;1;1;0
2026/05/06;17:55:34;-0.1;1;1;1;0
2026/05/06;17:56:34;-0.1;1;1;1;0
2026/05/06;17:57:34;-0.1;1;1;1;0
2026/05/06;17:58:34;-0.1;1;1;1;0
2026/05/06;17:59:34;-0.1;1;1;1;0
2026/05/06;18:00:34;-0.1;1;1;1;0
2026/05/06;18:01:34;-0.1;1;1;1;0
2026/05/06;18:02:34;-0.0;1;1;1;0
2026/05/06;18:03:34;-0.1;1;1;1;0
2026/05/06;18:04:33;-0.1;1;1;1;0
2026/05/06;18:05:33;-0.1;1;1;1;0
2026/05/06;18:06:33;-0.1;1;1;1;0
2026/05/06;18:07:33;-0.0;1;1;1;0
2026/05/06;18:08:33;-0.0;1;1;1;0
2026/05/06;18:09:33;-0.1;1;1;1;0
2026/05/06;18:10:33;-0.1;1;1;1;0
2026/05/06;18:11:33;-0.0;1;1;1;0
2026/05/06;18:12:33;-0.0;1;1;1;0
2026/05/06;18:13:33;-0.0;1;1;1;0
2026/05/06;18:14:33;-0.1;1;1;1;0
2026/05/06;18:15:33;-0.1;1;1;1;0
2026/05/06;18:16:33;-0.1;1;1;1;0
2026/05/06;18:17:33;-0.1;1;1;1;0
2026/05/06;18:18:33;-0.1;1;1;1;0
2026/05/06;18:19:32;-0.1;1;1;1;0
2026/05/06;18:20:32;-0.1;1;1;1;0
2026/05/06;18:21:32;-0.1;1;1;1;0
2026/05/06;18:22:32;-0.1;1;1;1;0
2026/05/06;18:23:32;-0.1;1;1;1;0
2026/05/06;18:24:32;-0.1;1;1;1;0
2026/05/06;18:25:32;-0.1;1;1;1;0
2026/05/06;18:26:32;-0.1;1;1;1;0
2026/05/06;18:27:32;-0.1;1;1;1;0
2026/05/06;18:28:32;-0.1;1;1;1;0
2026/05/06;18:29:32;-0.1;1;1;1;0
2026/05/06;18:30:32;-0.1;1;1;1;0
2026/05/06;18:31:32;-0.1;1;1;1;0
2026/05/06;18:32:32;-0.0;1;1;1;0
2026/05/06;18:33:32;-0.1;1;1;1;0
2026/05/06;18:34:31;-0.1;1;1;1;0
2026/05/06;18:35:31;-0.0;1;1;1;0
2026/05/06;18:36:31;-0.0;1;1;1;0
2026/05/06;18:37:31;-0.1;1;1;1;0
2026/05/06;18:38:31;-0.1;1;1;1;0
2026/05/06;18:39:31;-0.1;1;1;1;0
2026/05/06;18:40:31;-0.1;1;1;1;0
2026/05/06;18:41:31;-0.1;1;1;1;0
2026/05/06;18:42:31;-0.1;1;1;1;0
2026/05/06;18:43:31;-0.1;1;1;1;0
2026/05/06;18:44:31;-0.0;1;1;1;0
2026/05/06;18:45:31;-0.1;1;1;1;0
2026/05/06;18:46:31;-0.0;1;1;1;0
2026/05/06;18:47:31;-0.0;1;1;1;0
2026/05/06;18:48:31;-0.0;1;1;1;0
2026/05/06;18:49:30;-0.0;1;1;1;0
2026/05/06;18:50:30;-0.0;1;1;1;0
2026/05/06;18:51:30;-0.0;1;1;1;0
2026/05/06;18:52:30;-0.1;1;1;1;0
2026/05/06;18:53:30;-0.1;1;1;1;0
2026/05/06;18:54:30;-0.1;1;1;1;0
2026/05/06;18:55:30;-0.0;1;1;1;0
2026/05/06;18:56:30;-0.1;1;1;1;0
2026/05/06;18:57:30;-0.1;1;1;1;0
2026/05/06;18:58:30;-0.1;1;1;1;0
2026/05/06;18:59:30;-0.0;1;1;1;0
2026/05/06;19:00:30;-0.1;1;1;1;0
2026/05/06;19:01:30;-0.1;1;1;1;0
2026/05/06;19:02:30;-0.0;1;1;1;0
2026/05/06;19:03:30;-0.1;1;1;1;0
2026/05/06;19:04:29;-0.1;1;1;1;0
2026/05/06;19:05:29;-0.1;1;1;1;0
2026/05/06;19:06:29;-0.1;1;1;1;0
2026/05/06;19:07:29;-0.1;1;1;1;0
2026/05/06;19:08:29;-0.1;1;1;1;0
2026/05/06;19:09:29;-0.1;1;1;1;0
2026/05/06;19:10:29;-0.1;1;1;1;0
2026/05/06;19:11:29;-0.1;1;1;1;0
2026/05/06;19:12:29;-0.1;1;1;1;0
2026/05/06;19:13:29;-0.1;1;1;1;0
2026/05/06;19:14:29;-0.1;1;1;1;0
2026/05/06;19:15:29;-0.1;1;1;1;0
2026/05/06;19:16:29;-0.1;1;1;1;0
2026/05/06;19:17:29;-0.1;1;1;1;0
2026/05/06;19:18:29;-0.1;1;1;1;0
2026/05/06;19:19:28;-0.1;1;1;1;0
2026/05/06;19:20:28;-0.1;1;1;1;0
2026/05/06;19:21:28;-0.1;1;1;1;0
2026/05/06;19:22:28;-0.1;1;1;1;0
2026/05/06;19:23:28;-0.1;1;1;1;0
2026/05/06;19:24:28;-0.1;1;1;1;0
2026/05/06;19:25:28;-0.1;1;1;1;0
2026/05/06;19:26:28;-0.1;1;1;1;0
2026/05/06;19:27:28;-0.1;1;1;1;0
2026/05/06;19:28:28;-0.1;1;1;1;0
2026/05/06;19:29:28;-0.1;1;1;1;0
2026/05/06;19:30:28;-0.1;1;1;1;0
2026/05/06;19:31:28;-0.1;1;1;1;0
2026/05/06;19:32:28;-0.1;1;1;1;0
2026/05/06;19:33:28;-0.1;1;1;1;0
2026/05/06;19:34:27;-0.1;1;1;1;0
2026/05/06;19:35:27;-0.1;1;1;1;0
2026/05/06;19:36:27;-0.1;1;1;1;0
2026/05/06;19:37:27;-0.1;1;1;1;0
2026/05/06;19:38:27;-0.1;1;1;1;0
2026/05/06;19:39:27;-0.1;1;1;1;0
2026/05/06;19:40:27;-0.1;1;1;1;0
2026/05/06;19:41:27;-0.1;1;1;1;0
2026/05/06;19:42:27;-0.1;1;1;1;0
2026/05/06;19:43:27;-0.1;1;1;1;0
2026/05/06;19:44:27;-0.1;1;1;1;0
2026/05/06;19:45:27;-0.1;1;1;1;0
2026/05/06;19:46:27;-0.1;1;1;1;0
2026/05/06;19:47:27;-0.1;1;1;1;0
2026/05/06;19:48:27;-0.1;1;1;1;0
2026/05/06;19:49:26;-0.1;1;1;1;0
2026/05/06;19:50:26;-0.1;1;1;1;0
2026/05/06;19:51:26;-0.1;1;1;1;0
2026/05/06;19:52:26;-0.1;1;1;1;0
2026/05/06;19:53:26;-0.1;1;1;1;0
2026/05/06;19:54:26;-0.1;1;1;1;0
2026/05/06;19:55:26;-0.1;1;1;1;0
2026/05/06;19:56:26;-0.1;1;1;1;0
2026/05/06;19:57:26;-0.0;1;1;1;0
2026/05/06;19:58:26;-0.1;1;1;1;0
2026/05/06;19:59:26;-0.1;1;1;1;0
2026/05/06;20:00:26;-0.1;1;1;1;0
2026/05/06;20:01:26;-0.1;1;1;1;0
2026/05/06;20:02:26;-0.1;1;1;1;0
2026/05/06;20:03:26;-0.1;1;1;1;0
2026/05/06;20:04:25;-0.1;1;1;1;0
2026/05/06;20:05:25;-0.1;1;1;1;0
2026/05/06;20:06:25;-0.1;1;1;1;0
2026/05/06;20:07:25;-0.1;1;1;1;0
2026/05/06;20:08:25;-0.1;1;1;1;0
2026/05/06;20:09:25;-0.1;1;1;1;0
2026/05/06;20:10:25;-0.1;1;1;1;0
2026/05/06;20:11:25;-0.0;1;1;1;0
2026/05/06;20:12:25;-0.1;1;1;1;0
2026/05/06;20:13:25;-0.1;1;1;1;0
2026/05/06;20:14:25;-0.0;1;1;1;0
2026/05/06;20:15:25;-0.1;1;1;1;0
2026/05/06;20:16:25;-0.0;1;1;1;0
2026/05/06;20:17:25;-0.1;1;1;1;0
2026/05/06;20:18:25;-0.1;1;1;1;0
2026/05/06;20:19:24;-0.1;1;1;1;0
2026/05/06;20:20:24;-0.1;1;1;1;0
2026/05/06;20:21:24;-0.1;1;1;1;0
2026/05/06;20:22:24;-0.1;1;1;1;0
2026/05/06;20:23:24;-0.1;1;1;1;0
2026/05/06;20:24:24;-0.1;1;1;1;0
2026/05/06;20:25:24;-0.1;1;1;1;0
2026/05/06;20:26:24;-0.1;1;1;1;0
2026/05/06;20:27:24;-0.1;1;1;1;0
2026/05/06;20:28:24;-0.1;1;1;1;0
2026/05/06;20:29:24;-0.1;1;1;1;0
2026/05/06;20:30:24;-0.1;1;1;1;0
2026/05/06;20:31:24;-0.1;1;1;1;0
2026/05/06;20:32:24; 0.0;1;1;1;0
2026/05/06;20:33:24;-0.1;1;1;1;0
2026/05/06;20:34:23;-0.1;1;1;1;0
2026/05/06;20:35:23;-0.0;1;1;1;0
2026/05/06;20:36:23;-0.1;1;1;1;0
2026/05/06;20:37:23;-0.1;1;1;1;0
2026/05/06;20:38:23;-0.1;1;1;1;0
2026/05/06;20:39:23; 0.0;1;1;1;0
2026/05/06;20:40:23;-0.1;1;1;1;0
2026/05/06;20:41:23;-0.1;1;1;1;0
2026/05/06;20:42:23;-0.1;1;1;1;0
2026/05/06;20:43:23;-0.0;1;1;1;0
2026/05/06;20:44:23;-0.1;1;1;1;0
2026/05/06;20:45:23;-0.2;1;1;1;0
2026/05/06;20:46:23; 0.0;1;1;1;0
2026/05/06;20:47:23;-0.1;1;1;1;0
2026/05/06;20:48:23;-0.1;1;1;1;0
2026/05/06;20:49:22;-0.2;1;1;1;0
2026/05/06;20:50:22; 0.0;1;1;1;0
2026/05/06;20:51:22;-0.1;1;1;1;0
2026/05/06;20:52:22;-0.2;1;1;1;0
2026/05/06;20:53:22;-0.1;1;1;1;0
2026/05/06;20:54:22;-0.0;1;1;1;0
2026/05/06;20:55:22;-0.1;1;1;1;0
2026/05/06;20:56:22;-0.1;1;1;1;0
2026/05/06;20:57:22;-0.1;1;1;1;0
2026/05/06;20:58:22;-0.0;1;1;1;0
2026/05/06;20:59:22;-0.1;1;1;1;0
2026/05/06;21:00:22;-0.2;1;1;1;0
2026/05/06;21:01:22;-0.1;1;1;1;0
2026/05/06;21:02:22;-0.1;1;1;1;0
2026/05/06;21:03:22;-0.1;1;1;1;0
2026/05/06;21:04:21;-0.1;1;1;1;0
2026/05/06;21:05:21;-0.0;1;1;1;0
2026/05/06;21:06:21;-0.1;1;1;1;0
2026/05/06;21:07:21;-0.2;1;1;1;0
2026/05/06;21:08:21;-0.1;1;1;1;0
2026/05/06;21:09:21;-0.1;1;1;1;0
2026/05/06;21:10:21;-0.2;1;1;1;0
2026/05/06;21:11:21;-0.1;1;1;1;0
2026/05/06;21:12:21;-0.1;1;1;1;0
2026/05/06;21:13:21;-0.1;1;1;1;0
2026/05/06;21:14:21;-0.2;1;1;1;0
2026/05/06;21:15:21;-0.2;1;1;1;0
2026/05/06;21:16:21;-0.2;1;1;1;0
2026/05/06;21:17:21;-0.2;1;1;1;0
2026/05/06;21:18:21;-0.2;1;1;1;0
2026/05/06;21:19:20;-0.2;1;1;1;0
2026/05/06;21:20:20;-0.1;1;1;1;0
2026/05/06;21:21:20;-0.2;1;1;1;0
2026/05/06;21:22:20;-0.2;1;1;1;0
2026/05/06;21:23:20;-0.2;1;1;1;0
2026/05/06;21:24:20;-0.2;1;1;1;0
2026/05/06;21:25:20;-0.2;1;1;1;0
2026/05/06;21:26:20;-0.2;1;1;1;0
2026/05/06;21:27:20;-0.1;1;1;1;0
2026/05/06;21:28:20;-0.2;1;1;1;0
2026/05/06;21:29:20;-0.2;1;1;1;0
2026/05/06;21:30:20;-0.1;1;1;1;0
2026/05/06;21:31:20;-0.2;1;1;1;0
2026/05/06;21:32:20;-0.2;1;1;1;0
2026/05/06;21:33:20;-0.2;1;1;1;0
2026/05/06;21:34:19;-0.2;1;1;1;0
2026/05/06;21:35:19;-0.2;1;1;1;0
2026/05/06;21:36:19;-0.2;1;1;1;0
2026/05/06;21:37:19;-0.2;1;1;1;0
2026/05/06;21:38:19;-0.2;1;1;1;0
2026/05/06;21:39:19;-0.3;1;1;1;0
2026/05/06;21:40:19;-0.2;1;1;1;0
2026/05/06;21:41:19;-0.2;1;1;1;0
2026/05/06;21:42:19;-0.3;1;1;1;0
2026/05/06;21:43:19;-0.2;1;1;1;0
2026/05/06;21:44:19;-0.2;1;1;1;0
2026/05/06;21:45:19;-0.3;1;1;1;0
2026/05/06;21:46:19;-0.4;1;1;1;0
2026/05/06;21:47:19;-0.1;1;1;1;0
2026/05/06;21:48:19;-0.3;1;1;1;0
2026/05/06;21:49:18;-0.4;1;1;1;0
2026/05/06;21:50:18;-0.2;1;1;1;0
2026/05/06;21:51:18;-0.2;1;1;1;0
2026/05/06;21:52:18;-0.4;1;1;1;0
2026/05/06;21:53:18;-0.3;1;1;1;0
2026/05/06;21:54:18;-0.1;1;1;1;0
2026/05/06;21:55:18;-0.2;1;1;1;0
2026/05/06;21:56:18;-0.2;1;1;1;0
2026/05/06;21:57:18;-0.2;1;1;1;0
2026/05/06;21:58:18;-0.2;1;1;1;0
2026/05/06;21:59:18;-0.2;1;1;1;0
2026/05/06;22:00:18;-0.2;1;1;1;0
2026/05/06;22:01:18;-0.2;1;1;1;0
2026/05/06;22:02:18;-0.2;1;1;1;0
2026/05/06;22:03:18;-0.2;1;1;1;0
2026/05/06;22:04:17;-0.2;1;1;1;0
2026/05/06;22:05:17;-0.1;1;1;1;0
2026/05/06;22:06:17;-0.1;1;1;1;0
2026/05/06;22:07:17;-0.1;1;1;1;0
2026/05/06;22:08:17;-0.1;1;1;1;0
2026/05/06;22:09:17;-0.1;1;1;1;0
2026/05/06;22:10:17;-0.1;1;1;1;0
2026/05/06;22:11:17;-0.1;1;1;1;0
2026/05/06;22:12:17;-0.1;1;1;1;0
2026/05/06;22:13:17;-0.1;1;1;1;0
2026/05/06;22:14:17;-0.1;1;1;1;0
2026/05/06;22:15:17;-0.1;1;1;1;0
2026/05/06;22:16:17;-0.1;1;1;1;0
2026/05/06;22:17:17;-0.1;1;1;1;0
2026/05/06;22:18:17;-0.1;1;1;1;0
2026/05/06;22:19:17;-0.1;1;1;1;0
2026/05/06;22:20:16;-0.1;1;1;1;0
2026/05/06;22:21:16;-0.1;1;1;1;0
2026/05/06;22:22:16;-0.1;1;1;1;0
2026/05/06;22:23:16;-0.1;1;1;1;0
2026/05/06;22:24:16;-0.1;1;1;1;0
2026/05/06;22:25:16;-0.1;1;1;1;0
2026/05/06;22:26:16;-0.1;1;1;1;0
2026/05/06;22:27:16;-0.1;1;1;1;0
2026/05/06;22:28:16;-0.1;1;1;1;0
2026/05/06;22:29:16;-0.1;1;1;1;0
2026/05/06;22:30:16;-0.1;1;1;1;0
2026/05/06;22:31:16;-0.1;1;1;1;0
2026/05/06;22:32:16;-0.1;1;1;1;0
2026/05/06;22:33:16;-0.1;1;1;1;0
2026/05/06;22:34:16;-0.1;1;1;1;0
2026/05/06;22:35:15;-0.1;1;1;1;0
2026/05/06;22:36:15;-0.1;1;1;1;0
2026/05/06;22:37:15;-0.1;1;1;1;0
2026/05/06;22:38:15;-0.1;1;1;1;0
2026/05/06;22:39:15;-0.1;1;1;1;0
2026/05/06;22:40:15;-0.1;1;1;1;0
2026/05/06;22:41:15;-0.1;1;1;1;0
2026/05/06;22:42:15;-0.1;1;1;1;0
2026/05/06;22:43:15;-0.1;1;1;1;0
2026/05/06;22:44:15;-0.1;1;1;1;0
2026/05/06;22:45:15;-0.1;1;1;1;0
2026/05/06;22:46:15;-0.1;1;1;1;0
2026/05/06;22:47:15;-0.1;1;1;1;0
2026/05/06;22:48:15;-0.1;1;1;1;0
2026/05/06;22:49:15;-0.1;1;1;1;0
2026/05/06;22:50:15;-0.1;1;1;1;0
2026/05/06;22:51:14;-0.1;1;1;1;0
2026/05/06;22:52:14;-0.1;1;1;1;0
2026/05/06;22:53:14;-0.1;1;1;1;0
2026/05/06;22:54:14;-0.1;1;1;1;0
2026/05/06;22:55:14;-0.1;1;1;1;0
2026/05/06;22:56:14;-0.1;1;1;1;0
2026/05/06;22:57:14;-0.1;1;1;1;0
2026/05/06;22:58:14;-0.1;1;1;1;0
2026/05/06;22:59:14;-0.1;1;1;1;0
2026/05/06;23:00:14;-0.1;1;1;1;0
2026/05/06;23:01:14;-0.1;1;1;1;0
2026/05/06;23:02:14;-0.1;1;1;1;0
2026/05/06;23:03:14;-0.1;1;1;1;0
2026/05/06;23:04:14;-0.1;1;1;1;0
2026/05/06;23:05:14;-0.1;1;1;1;0
2026/05/06;23:06:13;-0.1;1;1;1;0
2026/05/06;23:07:13;-0.1;1;1;1;0
2026/05/06;23:08:13;-0.1;1;1;1;0
2026/05/06;23:09:13;-0.1;1;1;1;0
2026/05/06;23:10:13;-0.1;1;1;1;0
2026/05/06;23:11:13;-0.1;1;1;1;0
2026/05/06;23:12:13;-0.1;1;1;1;0
2026/05/06;23:13:13;-0.1;1;1;1;0
2026/05/06;23:14:13;-0.1;1;1;1;0
2026/05/06;23:15:13;-0.1;1;1;1;0
2026/05/06;23:16:13;-0.1;1;1;1;0
2026/05/06;23:17:13;-0.1;1;1;1;0
2026/05/06;23:18:13;-0.1;1;1;1;0
2026/05/06;23:19:13;-0.1;1;1;1;0
2026/05/06;23:20:13;-0.1;1;1;1;0
2026/05/06;23:21:13;-0.1;1;1;1;0
2026/05/06;23:22:12;-0.1;1;1;1;0
2026/05/06;23:23:12;-0.1;1;1;1;0
2026/05/06;23:24:12;-0.1;1;1;1;0
2026/05/06;23:25:12;-0.1;1;1;1;0
2026/05/06;23:26:12;-0.1;1;1;1;0
2026/05/06;23:27:12;-0.1;1;1;1;0
2026/05/06;23:28:12;-0.1;1;1;1;0
2026/05/06;23:29:12;-0.1;1;1;1;0
2026/05/06;23:30:12;-0.1;1;1;1;0
2026/05/06;23:31:12;-0.1;1;1;1;0
2026/05/06;23:32:12;-0.1;1;1;1;0
2026/05/06;23:33:12;-0.1;1;1;1;0
2026/05/06;23:34:12;-0.1;1;1;1;0
2026/05/06;23:35:12;-0.1;1;1;1;0
2026/05/06;23:36:12;-0.1;1;1;1;0
2026/05/06;23:37:12;-0.1;1;1;1;0
2026/05/06;23:38:11;-0.1;1;1;1;0
2026/05/06;23:39:11;-0.1;1;1;1;0
2026/05/06;23:40:11;-0.1;1;1;1;0
2026/05/06;23:41:11;-0.1;1;1;1;0
2026/05/06;23:42:11;-0.1;1;1;1;0
2026/05/06;23:43:11;-0.1;1;1;1;0
2026/05/06;23:44:11;-0.1;1;1;1;0
2026/05/06;23:45:11;-0.1;1;1;1;0
2026/05/06;23:46:11;-0.1;1;1;1;0
2026/05/06;23:47:11;-0.1;1;1;1;0
2026/05/06;23:48:11;-0.1;1;1;1;0
2026/05/06;23:49:11;-0.1;1;1;1;0
2026/05/06;23:50:11;-0.1;1;1;1;0
2026/05/06;23:51:11;-0.1;1;1;1;0
2026/05/06;23:52:11;-0.1;1;1;1;0
2026/05/06;23:53:10;-0.1;1;1;1;0
2026/05/06;23:54:10;-0.1;1;1;1;0
2026/05/06;23:55:10;-0.1;1;1;1;0
2026/05/06;23:56:10;-0.1;1;1;1;0
2026/05/06;23:57:10;-0.1;1;1;1;0
2026/05/06;23:58:10;-0.1;1;1;1;0
2026/05/06;23:59:10;-0.1;1;1;1;0
