ts_local	level	event	strip_name	device_id	channel	message
2026-07-09 12:14:20	INFO	startup				Loaded config from .\shelly_load_control_reconnect_log_15min_settings.json
2026-07-09 12:14:21	INFO	strip_plan	ps1	206ef102c9d8		slot=2026-07-09 12:00; target_strip_w=350; states=[1,1,0,0]
2026-07-09 12:14:21	INFO	strip_plan	ps2	98a3167b6a8c		slot=2026-07-09 12:00; target_strip_w=0; states=[0,0,0,0]
2026-07-09 12:14:21	INFO	strip_plan	ps3	98a3166b6128		slot=2026-07-09 12:00; target_strip_w=0; states=[0,0,0,0]
2026-07-09 12:14:21	INFO	load_change				LOAD CHANGE slot=2026-07-09 12:00 target=350W nominal=350W overshoot=0W states: ps1=[1,1,0,0]; ps2=[0,0,0,0]; ps3=[0,0,0,0]
2026-07-09 12:14:21	INFO	online	ps1	206ef102c9d8		device reachable again
2026-07-09 12:14:21	INFO	reconcile	ps1	206ef102c9d8	0	actual=off; desired=on
2026-07-09 12:14:23	INFO	send	ps1	206ef102c9d8	0	turn=on
2026-07-09 12:14:23	INFO	reconcile	ps1	206ef102c9d8	1	actual=off; desired=on
2026-07-09 12:14:25	INFO	send	ps1	206ef102c9d8	1	turn=on
2026-07-09 12:14:29	INFO	online	ps2	98a3167b6a8c		device reachable again
2026-07-09 12:14:32	INFO	online	ps3	98a3166b6128		device reachable again
2026-07-09 12:15:03	INFO	strip_plan	ps1	206ef102c9d8		slot=2026-07-09 12:15; target_strip_w=350; states=[1,1,0,0]
2026-07-09 12:15:03	INFO	strip_plan	ps2	98a3167b6a8c		slot=2026-07-09 12:15; target_strip_w=0; states=[0,0,0,0]
2026-07-09 12:15:03	INFO	strip_plan	ps3	98a3166b6128		slot=2026-07-09 12:15; target_strip_w=0; states=[0,0,0,0]
2026-07-09 12:15:03	INFO	load_change				LOAD CHANGE slot=2026-07-09 12:15 target=350W nominal=350W overshoot=0W states: ps1=[1,1,0,0]; ps2=[0,0,0,0]; ps3=[0,0,0,0]
2026-07-09 12:15:21	WARN	rate_limit				429 Too Many Requests for /device/status, retrying in 2 s
2026-07-09 12:15:23	WARN	rate_limit				429 Too Many Requests for /device/status, retrying in 4 s
2026-07-09 12:15:33	INFO	startup				Loaded config from .\shelly_load_control_reconnect_log_15min_settings.json
2026-07-09 12:15:33	INFO	strip_plan	ps1	206ef102c9d8		slot=2026-07-09 12:15; target_strip_w=350; states=[1,1,0,0]
2026-07-09 12:15:33	INFO	strip_plan	ps2	98a3167b6a8c		slot=2026-07-09 12:15; target_strip_w=200; states=[1,0,0,0]
2026-07-09 12:15:33	INFO	strip_plan	ps3	98a3166b6128		slot=2026-07-09 12:15; target_strip_w=0; states=[0,0,0,0]
2026-07-09 12:15:33	INFO	load_change				LOAD CHANGE slot=2026-07-09 12:15 target=550W nominal=550W overshoot=0W states: ps1=[1,1,0,0]; ps2=[1,0,0,0]; ps3=[0,0,0,0]
2026-07-09 12:15:34	INFO	online	ps1	206ef102c9d8		device reachable again
2026-07-09 12:15:37	INFO	online	ps2	98a3167b6a8c		device reachable again
2026-07-09 12:15:37	INFO	reconcile	ps2	98a3167b6a8c	0	actual=off; desired=on
2026-07-09 12:15:39	INFO	send	ps2	98a3167b6a8c	0	turn=on
2026-07-09 12:15:42	INFO	online	ps3	98a3166b6128		device reachable again
2026-07-09 12:16:26	WARN	rate_limit				429 Too Many Requests for /device/status, retrying in 2 s
2026-07-09 12:16:28	WARN	rate_limit				429 Too Many Requests for /device/status, retrying in 4 s
2026-07-09 12:17:31	WARN	rate_limit				429 Too Many Requests for /device/status, retrying in 2 s
2026-07-09 12:17:33	WARN	rate_limit				429 Too Many Requests for /device/status, retrying in 4 s
2026-07-09 12:18:11	WARN	rate_limit				429 Too Many Requests for /device/status, retrying in 2 s
2026-07-09 12:19:43	WARN	rate_limit				429 Too Many Requests for /device/status, retrying in 2 s
2026-07-09 12:19:45	WARN	rate_limit				429 Too Many Requests for /device/status, retrying in 4 s
2026-07-09 12:20:48	WARN	rate_limit				429 Too Many Requests for /device/status, retrying in 2 s
2026-07-09 12:21:52	WARN	rate_limit				429 Too Many Requests for /device/status, retrying in 2 s
2026-07-09 12:22:56	WARN	rate_limit				429 Too Many Requests for /device/status, retrying in 2 s
2026-07-09 12:24:00	WARN	rate_limit				429 Too Many Requests for /device/status, retrying in 2 s
2026-07-09 12:24:02	WARN	rate_limit				429 Too Many Requests for /device/status, retrying in 4 s
2026-07-09 12:25:08	WARN	rate_limit				429 Too Many Requests for /device/status, retrying in 2 s
2026-07-09 12:26:12	WARN	rate_limit				429 Too Many Requests for /device/status, retrying in 2 s
2026-07-09 12:26:14	WARN	rate_limit				429 Too Many Requests for /device/status, retrying in 4 s
2026-07-09 12:27:20	WARN	rate_limit				429 Too Many Requests for /device/status, retrying in 2 s
2026-07-09 12:28:24	WARN	rate_limit				429 Too Many Requests for /device/status, retrying in 2 s
2026-07-09 12:28:30	WARN	rate_limit				429 Too Many Requests for /device/status, retrying in 2 s
2026-07-09 12:29:30	WARN	rate_limit				429 Too Many Requests for /device/status, retrying in 2 s
2026-07-09 12:29:36	WARN	rate_limit				429 Too Many Requests for /device/status, retrying in 2 s
2026-07-09 12:30:06	INFO	strip_plan	ps1	206ef102c9d8		slot=2026-07-09 12:30; target_strip_w=450; states=[0,1,1,1]
2026-07-09 12:30:06	INFO	strip_plan	ps2	98a3167b6a8c		slot=2026-07-09 12:30; target_strip_w=0; states=[0,0,0,0]
2026-07-09 12:30:06	INFO	strip_plan	ps3	98a3166b6128		slot=2026-07-09 12:30; target_strip_w=0; states=[0,0,0,0]
2026-07-09 12:30:06	INFO	load_change				LOAD CHANGE slot=2026-07-09 12:30 target=450W nominal=450W overshoot=0W states: ps1=[0,1,1,1]; ps2=[0,0,0,0]; ps3=[0,0,0,0]
2026-07-09 12:30:06	INFO	reconcile	ps1	206ef102c9d8	0	actual=on; desired=off
2026-07-09 12:30:08	INFO	send	ps1	206ef102c9d8	0	turn=off
2026-07-09 12:30:08	INFO	reconcile	ps1	206ef102c9d8	2	actual=off; desired=on
2026-07-09 12:30:10	INFO	send	ps1	206ef102c9d8	2	turn=on
2026-07-09 12:30:10	INFO	reconcile	ps1	206ef102c9d8	3	actual=off; desired=on
2026-07-09 12:30:13	INFO	send	ps1	206ef102c9d8	3	turn=on
2026-07-09 12:30:16	INFO	reconcile	ps2	98a3167b6a8c	0	actual=on; desired=off
2026-07-09 12:30:18	INFO	send	ps2	98a3167b6a8c	0	turn=off
2026-07-09 12:30:24	INFO	reconcile	ps1	206ef102c9d8	0	actual=on; desired=off
2026-07-09 12:30:26	INFO	send	ps1	206ef102c9d8	0	turn=off
2026-07-09 12:30:26	INFO	reconcile	ps1	206ef102c9d8	2	actual=off; desired=on
2026-07-09 12:30:28	INFO	send	ps1	206ef102c9d8	2	turn=on
2026-07-09 12:30:28	INFO	reconcile	ps1	206ef102c9d8	3	actual=off; desired=on
2026-07-09 12:30:31	INFO	send	ps1	206ef102c9d8	3	turn=on
2026-07-09 12:30:34	INFO	reconcile	ps2	98a3167b6a8c	0	actual=on; desired=off
2026-07-09 12:30:36	INFO	send	ps2	98a3167b6a8c	0	turn=off
2026-07-09 12:30:39	WARN	rate_limit				429 Too Many Requests for /device/status, retrying in 2 s
2026-07-09 12:30:44	INFO	reconcile	ps1	206ef102c9d8	0	actual=on; desired=off
2026-07-09 12:30:46	INFO	send	ps1	206ef102c9d8	0	turn=off
2026-07-09 12:30:46	INFO	reconcile	ps1	206ef102c9d8	2	actual=off; desired=on
2026-07-09 12:30:48	INFO	send	ps1	206ef102c9d8	2	turn=on
2026-07-09 12:30:48	INFO	reconcile	ps1	206ef102c9d8	3	actual=off; desired=on
2026-07-09 12:30:51	INFO	send	ps1	206ef102c9d8	3	turn=on
2026-07-09 12:31:00	INFO	reconcile	ps1	206ef102c9d8	1	actual=off; desired=on
2026-07-09 12:31:02	INFO	send	ps1	206ef102c9d8	1	turn=on
2026-07-09 12:31:02	INFO	reconcile	ps1	206ef102c9d8	2	actual=off; desired=on
2026-07-09 12:31:04	INFO	send	ps1	206ef102c9d8	2	turn=on
2026-07-09 12:31:04	INFO	reconcile	ps1	206ef102c9d8	3	actual=off; desired=on
2026-07-09 12:31:07	INFO	send	ps1	206ef102c9d8	3	turn=on
2026-07-09 12:31:41	WARN	rate_limit				429 Too Many Requests for /device/status, retrying in 2 s
2026-07-09 12:31:43	WARN	rate_limit				429 Too Many Requests for /device/status, retrying in 4 s
2026-07-09 12:32:46	WARN	rate_limit				429 Too Many Requests for /device/status, retrying in 2 s
2026-07-09 12:33:50	WARN	rate_limit				429 Too Many Requests for /device/status, retrying in 2 s
2026-07-09 12:34:54	WARN	rate_limit				429 Too Many Requests for /device/status, retrying in 2 s
2026-07-09 12:35:58	WARN	rate_limit				429 Too Many Requests for /device/status, retrying in 2 s
2026-07-09 12:36:00	WARN	rate_limit				429 Too Many Requests for /device/status, retrying in 4 s
2026-07-09 12:37:06	WARN	rate_limit				429 Too Many Requests for /device/status, retrying in 2 s
2026-07-09 12:38:10	WARN	rate_limit				429 Too Many Requests for /device/status, retrying in 2 s
2026-07-09 12:38:15	WARN	rate_limit				429 Too Many Requests for /device/status, retrying in 2 s
2026-07-09 12:39:16	WARN	rate_limit				429 Too Many Requests for /device/status, retrying in 2 s
2026-07-09 12:39:21	WARN	rate_limit				429 Too Many Requests for /device/status, retrying in 2 s
2026-07-09 12:40:22	WARN	rate_limit				429 Too Many Requests for /device/status, retrying in 2 s
2026-07-09 12:40:27	WARN	rate_limit				429 Too Many Requests for /device/status, retrying in 2 s
2026-07-09 12:41:28	WARN	rate_limit				429 Too Many Requests for /device/status, retrying in 2 s
2026-07-09 12:41:30	WARN	rate_limit				429 Too Many Requests for /device/status, retrying in 4 s
2026-07-09 12:42:33	WARN	rate_limit				429 Too Many Requests for /device/status, retrying in 2 s
2026-07-09 12:43:38	WARN	rate_limit				429 Too Many Requests for /device/status, retrying in 2 s
2026-07-09 12:44:42	WARN	rate_limit				429 Too Many Requests for /device/status, retrying in 2 s
2026-07-09 12:44:44	WARN	rate_limit				429 Too Many Requests for /device/status, retrying in 4 s
2026-07-09 12:45:06	INFO	strip_plan	ps1	206ef102c9d8		slot=2026-07-09 12:45; target_strip_w=450; states=[0,1,1,1]
2026-07-09 12:45:06	INFO	strip_plan	ps2	98a3167b6a8c		slot=2026-07-09 12:45; target_strip_w=0; states=[0,0,0,0]
2026-07-09 12:45:06	INFO	strip_plan	ps3	98a3166b6128		slot=2026-07-09 12:45; target_strip_w=0; states=[0,0,0,0]
2026-07-09 12:45:06	INFO	load_change				LOAD CHANGE slot=2026-07-09 12:45 target=450W nominal=450W overshoot=0W states: ps1=[0,1,1,1]; ps2=[0,0,0,0]; ps3=[0,0,0,0]
2026-07-09 12:45:47	WARN	rate_limit				429 Too Many Requests for /device/status, retrying in 2 s
2026-07-09 12:45:49	WARN	rate_limit				429 Too Many Requests for /device/status, retrying in 4 s
2026-07-09 12:46:52	WARN	rate_limit				429 Too Many Requests for /device/status, retrying in 2 s
2026-07-09 12:46:57	WARN	rate_limit				429 Too Many Requests for /device/status, retrying in 2 s
2026-07-09 12:47:58	WARN	rate_limit				429 Too Many Requests for /device/status, retrying in 2 s
2026-07-09 12:48:03	WARN	rate_limit				429 Too Many Requests for /device/status, retrying in 2 s
2026-07-09 12:49:04	WARN	rate_limit				429 Too Many Requests for /device/status, retrying in 2 s
2026-07-09 12:49:06	WARN	rate_limit				429 Too Many Requests for /device/status, retrying in 4 s
2026-07-09 12:50:09	WARN	rate_limit				429 Too Many Requests for /device/status, retrying in 2 s
2026-07-09 12:51:13	WARN	rate_limit				429 Too Many Requests for /device/status, retrying in 2 s
2026-07-09 12:52:17	WARN	rate_limit				429 Too Many Requests for /device/status, retrying in 2 s
2026-07-09 12:53:21	WARN	rate_limit				429 Too Many Requests for /device/status, retrying in 2 s
2026-07-09 12:53:24	WARN	rate_limit				429 Too Many Requests for /device/status, retrying in 4 s
2026-07-09 12:54:30	WARN	rate_limit				429 Too Many Requests for /device/status, retrying in 2 s
2026-07-09 12:55:34	WARN	rate_limit				429 Too Many Requests for /device/status, retrying in 2 s
2026-07-09 12:55:39	WARN	rate_limit				429 Too Many Requests for /device/status, retrying in 2 s
2026-07-09 12:56:40	WARN	rate_limit				429 Too Many Requests for /device/status, retrying in 2 s
2026-07-09 12:56:42	WARN	rate_limit				429 Too Many Requests for /device/status, retrying in 4 s
2026-07-09 12:57:20	INFO	reconcile	ps1	206ef102c9d8	1	actual=off; desired=on
2026-07-09 12:57:22	INFO	send	ps1	206ef102c9d8	1	turn=on
2026-07-09 12:57:22	INFO	reconcile	ps1	206ef102c9d8	2	actual=off; desired=on
2026-07-09 12:57:25	INFO	send	ps1	206ef102c9d8	2	turn=on
2026-07-09 12:57:25	INFO	reconcile	ps1	206ef102c9d8	3	actual=off; desired=on
2026-07-09 12:57:27	INFO	send	ps1	206ef102c9d8	3	turn=on
2026-07-09 12:57:45	WARN	rate_limit				429 Too Many Requests for /device/status, retrying in 2 s
2026-07-09 12:57:48	WARN	rate_limit				429 Too Many Requests for /device/status, retrying in 4 s
2026-07-09 12:58:54	WARN	rate_limit				429 Too Many Requests for /device/status, retrying in 2 s
2026-07-09 12:59:58	WARN	rate_limit				429 Too Many Requests for /device/status, retrying in 2 s
2026-07-09 13:00:03	WARN	rate_limit				429 Too Many Requests for /device/status, retrying in 2 s
2026-07-09 13:00:08	INFO	strip_plan	ps1	206ef102c9d8		slot=2026-07-09 13:00; target_strip_w=350; states=[1,1,0,0]
2026-07-09 13:00:08	INFO	strip_plan	ps2	98a3167b6a8c		slot=2026-07-09 13:00; target_strip_w=0; states=[0,0,0,0]
2026-07-09 13:00:08	INFO	strip_plan	ps3	98a3166b6128		slot=2026-07-09 13:00; target_strip_w=0; states=[0,0,0,0]
2026-07-09 13:00:08	INFO	load_change				LOAD CHANGE slot=2026-07-09 13:00 target=350W nominal=350W overshoot=0W states: ps1=[1,1,0,0]; ps2=[0,0,0,0]; ps3=[0,0,0,0]
2026-07-09 13:00:08	INFO	reconcile	ps1	206ef102c9d8	0	actual=off; desired=on
2026-07-09 13:00:10	INFO	send	ps1	206ef102c9d8	0	turn=on
2026-07-09 13:00:10	INFO	reconcile	ps1	206ef102c9d8	2	actual=on; desired=off
2026-07-09 13:00:13	INFO	send	ps1	206ef102c9d8	2	turn=off
2026-07-09 13:00:13	INFO	reconcile	ps1	206ef102c9d8	3	actual=on; desired=off
2026-07-09 13:00:15	INFO	send	ps1	206ef102c9d8	3	turn=off
2026-07-09 13:01:08	WARN	rate_limit				429 Too Many Requests for /device/status, retrying in 2 s
2026-07-09 13:02:12	WARN	rate_limit				429 Too Many Requests for /device/status, retrying in 2 s
2026-07-09 13:02:14	WARN	rate_limit				429 Too Many Requests for /device/status, retrying in 4 s
2026-07-09 13:03:20	WARN	rate_limit				429 Too Many Requests for /device/status, retrying in 2 s
2026-07-09 13:04:24	WARN	rate_limit				429 Too Many Requests for /device/status, retrying in 2 s
2026-07-09 13:04:29	WARN	rate_limit				429 Too Many Requests for /device/status, retrying in 2 s
2026-07-09 13:05:30	WARN	rate_limit				429 Too Many Requests for /device/status, retrying in 2 s
2026-07-09 13:05:35	WARN	rate_limit				429 Too Many Requests for /device/status, retrying in 2 s
2026-07-09 13:06:36	WARN	rate_limit				429 Too Many Requests for /device/status, retrying in 2 s
2026-07-09 13:06:38	WARN	rate_limit				429 Too Many Requests for /device/status, retrying in 4 s
2026-07-09 13:07:41	WARN	rate_limit				429 Too Many Requests for /device/status, retrying in 2 s
2026-07-09 13:08:45	WARN	rate_limit				429 Too Many Requests for /device/status, retrying in 2 s
2026-07-09 13:09:50	WARN	rate_limit				429 Too Many Requests for /device/status, retrying in 2 s
2026-07-09 13:09:52	WARN	rate_limit				429 Too Many Requests for /device/status, retrying in 4 s
2026-07-09 13:10:58	WARN	rate_limit				429 Too Many Requests for /device/status, retrying in 2 s
2026-07-09 13:12:02	WARN	rate_limit				429 Too Many Requests for /device/status, retrying in 2 s
2026-07-09 13:12:07	WARN	rate_limit				429 Too Many Requests for /device/status, retrying in 2 s
2026-07-09 13:13:08	WARN	rate_limit				429 Too Many Requests for /device/status, retrying in 2 s
2026-07-09 13:13:13	WARN	rate_limit				429 Too Many Requests for /device/status, retrying in 2 s
2026-07-09 13:14:14	WARN	rate_limit				429 Too Many Requests for /device/status, retrying in 2 s
2026-07-09 13:14:16	WARN	rate_limit				429 Too Many Requests for /device/status, retrying in 4 s
2026-07-09 13:15:04	INFO	strip_plan	ps1	206ef102c9d8		slot=2026-07-09 13:15; target_strip_w=350; states=[1,1,0,0]
2026-07-09 13:15:04	INFO	strip_plan	ps2	98a3167b6a8c		slot=2026-07-09 13:15; target_strip_w=0; states=[0,0,0,0]
2026-07-09 13:15:04	INFO	strip_plan	ps3	98a3166b6128		slot=2026-07-09 13:15; target_strip_w=0; states=[0,0,0,0]
2026-07-09 13:15:04	INFO	load_change				LOAD CHANGE slot=2026-07-09 13:15 target=350W nominal=350W overshoot=0W states: ps1=[1,1,0,0]; ps2=[0,0,0,0]; ps3=[0,0,0,0]
2026-07-09 13:15:19	WARN	rate_limit				429 Too Many Requests for /device/status, retrying in 2 s
2026-07-09 13:16:23	WARN	rate_limit				429 Too Many Requests for /device/status, retrying in 2 s
2026-07-09 13:17:27	WARN	rate_limit				429 Too Many Requests for /device/status, retrying in 2 s
2026-07-09 13:18:31	WARN	rate_limit				429 Too Many Requests for /device/status, retrying in 2 s
2026-07-09 13:18:34	WARN	rate_limit				429 Too Many Requests for /device/status, retrying in 4 s
2026-07-09 13:19:40	WARN	rate_limit				429 Too Many Requests for /device/status, retrying in 2 s
2026-07-09 13:20:44	WARN	rate_limit				429 Too Many Requests for /device/status, retrying in 2 s
2026-07-09 13:20:49	WARN	rate_limit				429 Too Many Requests for /device/status, retrying in 2 s
2026-07-09 13:21:50	WARN	rate_limit				429 Too Many Requests for /device/status, retrying in 2 s
2026-07-09 13:21:55	WARN	rate_limit				429 Too Many Requests for /device/status, retrying in 2 s
2026-07-09 13:22:56	WARN	rate_limit				429 Too Many Requests for /device/status, retrying in 2 s
2026-07-09 13:22:58	WARN	rate_limit				429 Too Many Requests for /device/status, retrying in 4 s
2026-07-09 13:24:01	WARN	rate_limit				429 Too Many Requests for /device/status, retrying in 2 s
2026-07-09 13:25:05	WARN	rate_limit				429 Too Many Requests for /device/status, retrying in 2 s
2026-07-09 13:26:09	WARN	rate_limit				429 Too Many Requests for /device/status, retrying in 2 s
2026-07-09 13:27:13	WARN	rate_limit				429 Too Many Requests for /device/status, retrying in 2 s
2026-07-09 13:27:16	WARN	rate_limit				429 Too Many Requests for /device/status, retrying in 4 s
2026-07-09 13:28:22	WARN	rate_limit				429 Too Many Requests for /device/status, retrying in 2 s
2026-07-09 13:29:26	WARN	rate_limit				429 Too Many Requests for /device/status, retrying in 2 s
2026-07-09 13:29:31	WARN	rate_limit				429 Too Many Requests for /device/status, retrying in 2 s
2026-07-09 13:30:07	INFO	strip_plan	ps1	206ef102c9d8		slot=2026-07-09 13:30; target_strip_w=200; states=[1,0,0,0]
2026-07-09 13:30:07	INFO	strip_plan	ps2	98a3167b6a8c		slot=2026-07-09 13:30; target_strip_w=0; states=[0,0,0,0]
2026-07-09 13:30:07	INFO	strip_plan	ps3	98a3166b6128		slot=2026-07-09 13:30; target_strip_w=0; states=[0,0,0,0]
2026-07-09 13:30:07	INFO	load_change				LOAD CHANGE slot=2026-07-09 13:30 target=230W nominal=200W overshoot=0W states: ps1=[1,0,0,0]; ps2=[0,0,0,0]; ps3=[0,0,0,0]
2026-07-09 13:30:07	INFO	reconcile	ps1	206ef102c9d8	1	actual=on; desired=off
2026-07-09 13:30:09	INFO	send	ps1	206ef102c9d8	1	turn=off
2026-07-09 13:30:34	WARN	rate_limit				429 Too Many Requests for /device/status, retrying in 2 s
2026-07-09 13:30:36	WARN	rate_limit				429 Too Many Requests for /device/status, retrying in 4 s
2026-07-09 13:31:39	WARN	rate_limit				429 Too Many Requests for /device/status, retrying in 2 s
2026-07-09 13:32:43	WARN	rate_limit				429 Too Many Requests for /device/status, retrying in 2 s
2026-07-09 13:33:47	WARN	rate_limit				429 Too Many Requests for /device/status, retrying in 2 s
2026-07-09 13:33:49	WARN	rate_limit				429 Too Many Requests for /device/status, retrying in 4 s
2026-07-09 13:34:53	WARN	rate_limit				429 Too Many Requests for /device/status, retrying in 2 s
2026-07-09 13:34:55	WARN	rate_limit				429 Too Many Requests for /device/status, retrying in 4 s
2026-07-09 13:35:58	WARN	rate_limit				429 Too Many Requests for /device/status, retrying in 2 s
2026-07-09 13:36:03	WARN	rate_limit				429 Too Many Requests for /device/status, retrying in 2 s
2026-07-09 13:37:04	WARN	rate_limit				429 Too Many Requests for /device/status, retrying in 2 s
2026-07-09 13:37:06	WARN	rate_limit				429 Too Many Requests for /device/status, retrying in 4 s
2026-07-09 13:38:09	WARN	rate_limit				429 Too Many Requests for /device/status, retrying in 2 s
2026-07-09 13:39:13	WARN	rate_limit				429 Too Many Requests for /device/status, retrying in 2 s
2026-07-09 13:40:17	WARN	rate_limit				429 Too Many Requests for /device/status, retrying in 2 s
2026-07-09 13:41:21	WARN	rate_limit				429 Too Many Requests for /device/status, retrying in 2 s
2026-07-09 13:41:23	WARN	rate_limit				429 Too Many Requests for /device/status, retrying in 4 s
2026-07-09 13:42:29	WARN	rate_limit				429 Too Many Requests for /device/status, retrying in 2 s
2026-07-09 13:43:33	WARN	rate_limit				429 Too Many Requests for /device/status, retrying in 2 s
2026-07-09 13:43:38	WARN	rate_limit				429 Too Many Requests for /device/status, retrying in 2 s
2026-07-09 13:44:40	WARN	rate_limit				429 Too Many Requests for /device/status, retrying in 2 s
2026-07-09 13:44:42	WARN	rate_limit				429 Too Many Requests for /device/status, retrying in 4 s
2026-07-09 13:45:04	INFO	strip_plan	ps1	206ef102c9d8		slot=2026-07-09 13:45; target_strip_w=200; states=[1,0,0,0]
2026-07-09 13:45:04	INFO	strip_plan	ps2	98a3167b6a8c		slot=2026-07-09 13:45; target_strip_w=0; states=[0,0,0,0]
2026-07-09 13:45:04	INFO	strip_plan	ps3	98a3166b6128		slot=2026-07-09 13:45; target_strip_w=0; states=[0,0,0,0]
2026-07-09 13:45:04	INFO	load_change				LOAD CHANGE slot=2026-07-09 13:45 target=230W nominal=200W overshoot=0W states: ps1=[1,0,0,0]; ps2=[0,0,0,0]; ps3=[0,0,0,0]
2026-07-09 13:45:45	WARN	rate_limit				429 Too Many Requests for /device/status, retrying in 2 s
2026-07-09 13:46:49	WARN	rate_limit				429 Too Many Requests for /device/status, retrying in 2 s
2026-07-09 13:47:53	WARN	rate_limit				429 Too Many Requests for /device/status, retrying in 2 s
2026-07-09 13:48:57	WARN	rate_limit				429 Too Many Requests for /device/status, retrying in 2 s
2026-07-09 13:50:01	WARN	rate_limit				429 Too Many Requests for /device/status, retrying in 2 s
2026-07-09 13:50:03	WARN	rate_limit				429 Too Many Requests for /device/status, retrying in 4 s
2026-07-09 13:51:09	WARN	rate_limit				429 Too Many Requests for /device/status, retrying in 2 s
2026-07-09 13:52:13	WARN	rate_limit				429 Too Many Requests for /device/status, retrying in 2 s
2026-07-09 13:52:18	WARN	rate_limit				429 Too Many Requests for /device/status, retrying in 2 s
2026-07-09 13:53:19	WARN	rate_limit				429 Too Many Requests for /device/status, retrying in 2 s
2026-07-09 13:53:24	WARN	rate_limit				429 Too Many Requests for /device/status, retrying in 2 s
2026-07-09 13:54:25	WARN	rate_limit				429 Too Many Requests for /device/status, retrying in 2 s
2026-07-09 13:54:30	WARN	rate_limit				429 Too Many Requests for /device/status, retrying in 2 s
2026-07-09 13:55:31	WARN	rate_limit				429 Too Many Requests for /device/status, retrying in 2 s
2026-07-09 13:55:33	WARN	rate_limit				429 Too Many Requests for /device/status, retrying in 4 s
2026-07-09 13:56:36	WARN	rate_limit				429 Too Many Requests for /device/status, retrying in 2 s
2026-07-09 13:57:41	WARN	rate_limit				429 Too Many Requests for /device/status, retrying in 2 s
2026-07-09 13:58:45	WARN	rate_limit				429 Too Many Requests for /device/status, retrying in 2 s
2026-07-09 13:58:47	WARN	rate_limit				429 Too Many Requests for /device/status, retrying in 4 s
2026-07-09 13:59:53	WARN	rate_limit				429 Too Many Requests for /device/status, retrying in 2 s
2026-07-09 14:00:07	INFO	strip_plan	ps1	206ef102c9d8		slot=2026-07-09 14:00; target_strip_w=350; states=[1,1,0,0]
2026-07-09 14:00:07	INFO	strip_plan	ps2	98a3167b6a8c		slot=2026-07-09 14:00; target_strip_w=0; states=[0,0,0,0]
2026-07-09 14:00:07	INFO	strip_plan	ps3	98a3166b6128		slot=2026-07-09 14:00; target_strip_w=0; states=[0,0,0,0]
2026-07-09 14:00:07	INFO	load_change				LOAD CHANGE slot=2026-07-09 14:00 target=350W nominal=350W overshoot=0W states: ps1=[1,1,0,0]; ps2=[0,0,0,0]; ps3=[0,0,0,0]
2026-07-09 14:00:07	INFO	reconcile	ps1	206ef102c9d8	1	actual=off; desired=on
2026-07-09 14:00:10	INFO	send	ps1	206ef102c9d8	1	turn=on
2026-07-09 14:00:56	WARN	rate_limit				429 Too Many Requests for /device/status, retrying in 2 s
2026-07-09 14:02:00	WARN	rate_limit				429 Too Many Requests for /device/status, retrying in 2 s
2026-07-09 14:03:04	WARN	rate_limit				429 Too Many Requests for /device/status, retrying in 2 s
2026-07-09 14:04:08	WARN	rate_limit				429 Too Many Requests for /device/status, retrying in 2 s
2026-07-09 14:04:10	WARN	rate_limit				429 Too Many Requests for /device/status, retrying in 4 s
2026-07-09 14:05:17	WARN	rate_limit				429 Too Many Requests for /device/status, retrying in 2 s
2026-07-09 14:06:21	WARN	rate_limit				429 Too Many Requests for /device/status, retrying in 2 s
2026-07-09 14:06:26	WARN	rate_limit				429 Too Many Requests for /device/status, retrying in 2 s
2026-07-09 14:07:27	WARN	rate_limit				429 Too Many Requests for /device/status, retrying in 2 s
2026-07-09 14:07:32	WARN	rate_limit				429 Too Many Requests for /device/status, retrying in 2 s
2026-07-09 14:08:33	WARN	rate_limit				429 Too Many Requests for /device/status, retrying in 2 s
2026-07-09 14:08:35	WARN	rate_limit				429 Too Many Requests for /device/status, retrying in 4 s
2026-07-09 14:09:38	WARN	rate_limit				429 Too Many Requests for /device/status, retrying in 2 s
2026-07-09 14:10:42	WARN	rate_limit				429 Too Many Requests for /device/status, retrying in 2 s
2026-07-09 14:11:46	WARN	rate_limit				429 Too Many Requests for /device/status, retrying in 2 s
2026-07-09 14:12:50	WARN	rate_limit				429 Too Many Requests for /device/status, retrying in 2 s
2026-07-09 14:13:54	WARN	rate_limit				429 Too Many Requests for /device/status, retrying in 2 s
2026-07-09 14:13:56	WARN	rate_limit				429 Too Many Requests for /device/status, retrying in 4 s
2026-07-09 14:15:02	WARN	rate_limit				429 Too Many Requests for /device/status, retrying in 2 s
2026-07-09 14:15:10	INFO	strip_plan	ps1	206ef102c9d8		slot=2026-07-09 14:15; target_strip_w=350; states=[1,1,0,0]
2026-07-09 14:15:10	INFO	strip_plan	ps2	98a3167b6a8c		slot=2026-07-09 14:15; target_strip_w=0; states=[0,0,0,0]
2026-07-09 14:15:10	INFO	strip_plan	ps3	98a3166b6128		slot=2026-07-09 14:15; target_strip_w=0; states=[0,0,0,0]
2026-07-09 14:15:10	INFO	load_change				LOAD CHANGE slot=2026-07-09 14:15 target=350W nominal=350W overshoot=0W states: ps1=[1,1,0,0]; ps2=[0,0,0,0]; ps3=[0,0,0,0]
2026-07-09 14:16:06	WARN	rate_limit				429 Too Many Requests for /device/status, retrying in 2 s
2026-07-09 14:16:11	WARN	rate_limit				429 Too Many Requests for /device/status, retrying in 2 s
2026-07-09 14:17:12	WARN	rate_limit				429 Too Many Requests for /device/status, retrying in 2 s
2026-07-09 14:17:18	WARN	rate_limit				429 Too Many Requests for /device/status, retrying in 2 s
2026-07-09 14:18:19	WARN	rate_limit				429 Too Many Requests for /device/status, retrying in 2 s
2026-07-09 14:18:21	WARN	rate_limit				429 Too Many Requests for /device/status, retrying in 4 s
2026-07-09 14:19:24	WARN	rate_limit				429 Too Many Requests for /device/status, retrying in 2 s
2026-07-09 14:20:28	WARN	rate_limit				429 Too Many Requests for /device/status, retrying in 2 s
2026-07-09 14:21:32	WARN	rate_limit				429 Too Many Requests for /device/status, retrying in 2 s
2026-07-09 14:22:36	WARN	rate_limit				429 Too Many Requests for /device/status, retrying in 2 s
2026-07-09 14:23:40	WARN	rate_limit				429 Too Many Requests for /device/status, retrying in 2 s
2026-07-09 14:24:44	WARN	rate_limit				429 Too Many Requests for /device/status, retrying in 2 s
2026-07-09 14:24:46	WARN	rate_limit				429 Too Many Requests for /device/status, retrying in 4 s
2026-07-09 14:25:52	WARN	rate_limit				429 Too Many Requests for /device/status, retrying in 2 s
2026-07-09 14:26:56	WARN	rate_limit				429 Too Many Requests for /device/status, retrying in 2 s
2026-07-09 14:27:01	WARN	rate_limit				429 Too Many Requests for /device/status, retrying in 2 s
2026-07-09 14:28:02	WARN	rate_limit				429 Too Many Requests for /device/status, retrying in 2 s
2026-07-09 14:28:07	WARN	rate_limit				429 Too Many Requests for /device/status, retrying in 2 s
2026-07-09 14:29:08	WARN	rate_limit				429 Too Many Requests for /device/status, retrying in 2 s
2026-07-09 14:29:11	WARN	rate_limit				429 Too Many Requests for /device/status, retrying in 4 s
2026-07-09 14:30:04	INFO	strip_plan	ps1	206ef102c9d8		slot=2026-07-09 14:30; target_strip_w=350; states=[1,1,0,0]
2026-07-09 14:30:04	INFO	strip_plan	ps2	98a3167b6a8c		slot=2026-07-09 14:30; target_strip_w=0; states=[0,0,0,0]
2026-07-09 14:30:04	INFO	strip_plan	ps3	98a3166b6128		slot=2026-07-09 14:30; target_strip_w=0; states=[0,0,0,0]
2026-07-09 14:30:04	INFO	load_change				LOAD CHANGE slot=2026-07-09 14:30 target=350W nominal=350W overshoot=0W states: ps1=[1,1,0,0]; ps2=[0,0,0,0]; ps3=[0,0,0,0]
2026-07-09 14:30:14	WARN	rate_limit				429 Too Many Requests for /device/status, retrying in 2 s
2026-07-09 14:31:18	WARN	rate_limit				429 Too Many Requests for /device/status, retrying in 2 s
2026-07-09 14:32:22	WARN	rate_limit				429 Too Many Requests for /device/status, retrying in 2 s
2026-07-09 14:33:26	WARN	rate_limit				429 Too Many Requests for /device/status, retrying in 2 s
2026-07-09 14:33:28	WARN	rate_limit				429 Too Many Requests for /device/status, retrying in 4 s
2026-07-09 14:34:31	WARN	rate_limit				429 Too Many Requests for /device/status, retrying in 2 s
2026-07-09 14:34:33	WARN	rate_limit				429 Too Many Requests for /device/status, retrying in 4 s
2026-07-09 14:35:36	WARN	rate_limit				429 Too Many Requests for /device/status, retrying in 2 s
2026-07-09 14:35:41	WARN	rate_limit				429 Too Many Requests for /device/status, retrying in 2 s
2026-07-09 14:36:42	WARN	rate_limit				429 Too Many Requests for /device/status, retrying in 2 s
2026-07-09 14:36:44	WARN	rate_limit				429 Too Many Requests for /device/status, retrying in 4 s
2026-07-09 14:37:47	WARN	rate_limit				429 Too Many Requests for /device/status, retrying in 2 s
2026-07-09 14:38:52	WARN	rate_limit				429 Too Many Requests for /device/status, retrying in 2 s
2026-07-09 14:39:56	WARN	rate_limit				429 Too Many Requests for /device/status, retrying in 2 s
2026-07-09 14:39:58	WARN	rate_limit				429 Too Many Requests for /device/status, retrying in 4 s
2026-07-09 14:41:04	WARN	rate_limit				429 Too Many Requests for /device/status, retrying in 2 s
2026-07-09 14:42:08	WARN	rate_limit				429 Too Many Requests for /device/status, retrying in 2 s
2026-07-09 14:42:13	WARN	rate_limit				429 Too Many Requests for /device/status, retrying in 2 s
2026-07-09 14:43:14	WARN	rate_limit				429 Too Many Requests for /device/status, retrying in 2 s
2026-07-09 14:43:19	WARN	rate_limit				429 Too Many Requests for /device/status, retrying in 2 s
2026-07-09 14:44:20	WARN	rate_limit				429 Too Many Requests for /device/status, retrying in 2 s
2026-07-09 14:44:22	WARN	rate_limit				429 Too Many Requests for /device/status, retrying in 4 s
2026-07-09 14:45:07	INFO	strip_plan	ps1	206ef102c9d8		slot=2026-07-09 14:45; target_strip_w=350; states=[1,1,0,0]
2026-07-09 14:45:07	INFO	strip_plan	ps2	98a3167b6a8c		slot=2026-07-09 14:45; target_strip_w=0; states=[0,0,0,0]
2026-07-09 14:45:07	INFO	strip_plan	ps3	98a3166b6128		slot=2026-07-09 14:45; target_strip_w=0; states=[0,0,0,0]
2026-07-09 14:45:07	INFO	load_change				LOAD CHANGE slot=2026-07-09 14:45 target=350W nominal=350W overshoot=0W states: ps1=[1,1,0,0]; ps2=[0,0,0,0]; ps3=[0,0,0,0]
2026-07-09 14:45:25	WARN	rate_limit				429 Too Many Requests for /device/status, retrying in 2 s
2026-07-09 14:46:29	WARN	rate_limit				429 Too Many Requests for /device/status, retrying in 2 s
2026-07-09 14:47:33	WARN	rate_limit				429 Too Many Requests for /device/status, retrying in 2 s
2026-07-09 14:48:38	WARN	rate_limit				429 Too Many Requests for /device/status, retrying in 2 s
2026-07-09 14:48:40	WARN	rate_limit				429 Too Many Requests for /device/status, retrying in 4 s
2026-07-09 14:49:46	WARN	rate_limit				429 Too Many Requests for /device/status, retrying in 2 s
2026-07-09 14:50:50	WARN	rate_limit				429 Too Many Requests for /device/status, retrying in 2 s
2026-07-09 14:50:55	WARN	rate_limit				429 Too Many Requests for /device/status, retrying in 2 s
2026-07-09 14:54:37	WARN	rate_limit				429 Too Many Requests for /device/status, retrying in 2 s
2026-07-09 14:54:39	WARN	rate_limit				429 Too Many Requests for /device/status, retrying in 4 s
2026-07-09 14:55:33	WARN	rate_limit				429 Too Many Requests for /device/status, retrying in 2 s
2026-07-09 14:56:37	WARN	rate_limit				429 Too Many Requests for /device/status, retrying in 2 s
2026-07-09 14:57:04	WARN	rate_limit				429 Too Many Requests for /device/status, retrying in 2 s
2026-07-09 14:57:06	WARN	rate_limit				429 Too Many Requests for /device/status, retrying in 4 s
2026-07-09 14:58:09	WARN	rate_limit				429 Too Many Requests for /device/status, retrying in 2 s
2026-07-09 15:00:09	INFO	strip_plan	ps1	206ef102c9d8		slot=2026-07-09 15:00; target_strip_w=350; states=[1,1,0,0]
2026-07-09 15:00:09	INFO	strip_plan	ps2	98a3167b6a8c		slot=2026-07-09 15:00; target_strip_w=0; states=[0,0,0,0]
2026-07-09 15:00:09	INFO	strip_plan	ps3	98a3166b6128		slot=2026-07-09 15:00; target_strip_w=0; states=[0,0,0,0]
2026-07-09 15:00:09	INFO	load_change				LOAD CHANGE slot=2026-07-09 15:00 target=350W nominal=350W overshoot=0W states: ps1=[1,1,0,0]; ps2=[0,0,0,0]; ps3=[0,0,0,0]
